<?xml version="1.0" encoding="utf-8" standalone="yes"?>
<rss version="2.0" xmlns:atom="http://www.w3.org/2005/Atom">
  <channel>
    <title>hugo教程 on 禅与摩托车维修艺术</title>
    <link>https://huachengzhou.github.io/cycle/hugo%E5%AD%A6%E4%B9%A0/</link>
    <description>Recent content in hugo教程 on 禅与摩托车维修艺术</description>
    <generator>Hugo -- gohugo.io</generator>
    <language>en-us</language>
    <lastBuildDate>Tue, 17 Oct 2017 15:26:15 +0000</lastBuildDate><atom:link href="https://huachengzhou.github.io/cycle/hugo%E5%AD%A6%E4%B9%A0/index.xml" rel="self" type="application/rss+xml" />
    <item>
      <title>hugo教程 hugo server Failed to get JSON</title>
      <link>https://huachengzhou.github.io/cycle/hugo%E5%AD%A6%E4%B9%A0/hugo_server_faile_-to_get_json/</link>
      <pubDate>Tue, 17 Oct 2017 15:26:15 +0000</pubDate>
      
      <guid>https://huachengzhou.github.io/cycle/hugo%E5%AD%A6%E4%B9%A0/hugo_server_faile_-to_get_json/</guid>
      <description>今天尝试了一下静态博客 hugo , hugo的官网本身也是使用 hugo 制作的网站。安装和运行非常简单。只有两个步骤安装和运行。运行的时候出现了一个小问题，就</description>
    </item>
    
    <item>
      <title>hugo教程1</title>
      <link>https://huachengzhou.github.io/cycle/hugo%E5%AD%A6%E4%B9%A0/hugo_tutorials1/</link>
      <pubDate>Tue, 17 Oct 2017 15:26:15 +0000</pubDate>
      
      <guid>https://huachengzhou.github.io/cycle/hugo%E5%AD%A6%E4%B9%A0/hugo_tutorials1/</guid>
      <description>教程1 快速开始 步骤1：安装Hugo brew install hugo # or port install hugo 要验证新安装 hugo version 步骤2：建立新网站 hugo new site quickstart # 上面的代码将在名为的文件夹中创建一个新的Hug</description>
    </item>
    
    <item>
      <title>hugo教程2</title>
      <link>https://huachengzhou.github.io/cycle/hugo%E5%AD%A6%E4%B9%A0/hugo_tutorials2/</link>
      <pubDate>Tue, 17 Oct 2017 15:26:15 +0000</pubDate>
      
      <guid>https://huachengzhou.github.io/cycle/hugo%E5%AD%A6%E4%B9%A0/hugo_tutorials2/</guid>
      <description>教程2 1、 创建blog hugo new site myblog_pub cd myblog_pub/ git submodule add https://github.com/chinanf-boy/gohugo-theme-yinwang.git themes/yinwang 2、 修改配置 vi config.toml root@instance-x8rtph4n:/home/go/code/hugo_dir/myblog_pub/public# more ../config.toml baseURL = &amp;quot;http://ypbsyy.github.io/&amp;quot; languageCode = &amp;quot;en-us&amp;quot; title = &amp;quot;我是yaopeng&amp;quot; theme = &amp;quot;yinwang&amp;quot; #pygmentsCodeFences = true #pygmentsCodefencesGuessSyntax =</description>
    </item>
    
  </channel>
</rss>
