<?xml version="1.0" encoding="utf-8" standalone="yes"?>
<rss version="2.0" xmlns:atom="http://www.w3.org/2005/Atom">
  <channel>
    <title>hugo on 禅与摩托车维修艺术</title>
    <link>https://huachengzhou.github.io/cycle/tags/hugo/</link>
    <description>Recent content in hugo on 禅与摩托车维修艺术</description>
    <generator>Hugo -- gohugo.io</generator>
    <language>en-us</language>
    <lastBuildDate>Wed, 02 Apr 2014 00:00:00 +0000</lastBuildDate><atom:link href="https://huachengzhou.github.io/cycle/tags/hugo/index.xml" rel="self" type="application/rss+xml" />
    <item>
      <title>编译原理</title>
      <link>https://huachengzhou.github.io/cycle/post/%E7%BC%96%E8%AF%91%E5%8E%9F%E7%90%86/</link>
      <pubDate>Wed, 02 Apr 2014 00:00:00 +0000</pubDate>
      
      <guid>https://huachengzhou.github.io/cycle/post/%E7%BC%96%E8%AF%91%E5%8E%9F%E7%90%86/</guid>
      <description>一、 编译程序 1、 编译器是一种翻译程序，它用于将源语言（即用某种程序设计语言写成的）程序翻译为目标语言（即用二进制数表示的伪机器代码写成的）程</description>
    </item>
    
  </channel>
</rss>
