<?xml version="1.0" encoding="utf-8" standalone="yes"?>
<rss version="2.0" xmlns:atom="http://www.w3.org/2005/Atom">
  <channel>
    <title>idea出现的问题 on 禅与摩托车维修艺术</title>
    <link>https://huachengzhou.github.io/cycle/%E8%87%AA%E6%88%91%E6%8F%90%E5%8D%87/%E8%A7%A3%E5%86%B3%E9%97%AE%E9%A2%98/idea/</link>
    <description>Recent content in idea出现的问题 on 禅与摩托车维修艺术</description>
    <generator>Hugo -- gohugo.io</generator>
    <language>en-us</language>
    <lastBuildDate>Sun, 17 Jan 2021 15:26:15 +0000</lastBuildDate><atom:link href="https://huachengzhou.github.io/cycle/%E8%87%AA%E6%88%91%E6%8F%90%E5%8D%87/%E8%A7%A3%E5%86%B3%E9%97%AE%E9%A2%98/idea/index.xml" rel="self" type="application/rss+xml" />
    <item>
      <title>idea 解决working directory 设置到 target</title>
      <link>https://huachengzhou.github.io/cycle/%E8%87%AA%E6%88%91%E6%8F%90%E5%8D%87/%E8%A7%A3%E5%86%B3%E9%97%AE%E9%A2%98/idea/idea/</link>
      <pubDate>Sun, 17 Jan 2021 15:26:15 +0000</pubDate>
      
      <guid>https://huachengzhou.github.io/cycle/%E8%87%AA%E6%88%91%E6%8F%90%E5%8D%87/%E8%A7%A3%E5%86%B3%E9%97%AE%E9%A2%98/idea/idea/</guid>
      <description>idea 解决working directory 设置到 target test ng D:\IdeaProjects\java-se-study run config $MODULE_DIR$</description>
    </item>
    
  </channel>
</rss>
