<?xml version="1.0" encoding="utf-8" standalone="yes"?>
<rss version="2.0" xmlns:atom="http://www.w3.org/2005/Atom">
  <channel>
    <title>linux 学习与使用  on 禅与摩托车维修艺术</title>
    <link>https://huachengzhou.github.io/cycle/javadir/linux/</link>
    <description>Recent content in linux 学习与使用  on 禅与摩托车维修艺术</description>
    <generator>Hugo -- gohugo.io</generator>
    <language>en-us</language>
    <lastBuildDate>Thu, 15 Apr 2021 00:00:00 +0000</lastBuildDate><atom:link href="https://huachengzhou.github.io/cycle/javadir/linux/index.xml" rel="self" type="application/rss+xml" />
    <item>
      <title>git学习</title>
      <link>https://huachengzhou.github.io/cycle/javadir/linux/git_introduction/</link>
      <pubDate>Fri, 17 Jan 2020 15:26:15 +0000</pubDate>
      
      <guid>https://huachengzhou.github.io/cycle/javadir/linux/git_introduction/</guid>
      <description>git学习 git 区域概念 git分为工作区(我们自己的file)和版本库这其中版本库又包含暂存区(Stage)和分支区(master) git add ********** 把文件</description>
    </item>
    
    <item>
      <title>git配置</title>
      <link>https://huachengzhou.github.io/cycle/javadir/linux/gitub_config/</link>
      <pubDate>Fri, 17 Jan 2020 15:26:15 +0000</pubDate>
      
      <guid>https://huachengzhou.github.io/cycle/javadir/linux/gitub_config/</guid>
      <description>zhou@zhou-Lenovo-Z480:~$ git version git version 2.7.4 zhou@zhou-Lenovo-Z480:~$ ssh -T git@github.com Warning: Permanently added the RSA host key for IP address &#39;192.30.255.112&#39; to the list of known hosts. Permission denied (publickey). zhou@zhou-Lenovo-Z480:~$ git config --global user.name &amp;quot;zhouchenhua&amp;quot; zhou@zhou-Lenovo-Z480:~$ git config --global user.email &amp;quot;noatnu@163.com&amp;quot; zhou@zhou-Lenovo-Z480:~$ git config --list user.name=zhouchenhua user.email=noatnu@163.com zhou@zhou-Lenovo-Z480:~$ ssh-keygen -C ‘noatnu@163.com’ -t rsa Generating</description>
    </item>
    
    <item>
      <title>host映射</title>
      <link>https://huachengzhou.github.io/cycle/javadir/linux/host%E6%98%A0%E5%B0%84/</link>
      <pubDate>Fri, 17 Jan 2020 15:26:15 +0000</pubDate>
      
      <guid>https://huachengzhou.github.io/cycle/javadir/linux/host%E6%98%A0%E5%B0%84/</guid>
      <description>sudo vi hosts 127.0.0.1 localhost 127.0.1.1 zhou-Lenovo-Z480 The following lines are desirable for IPv6 capable hosts ::1 ip6-localhost ip6-loopback fe00::0 ip6-localnet ff00::0 ip6-mcastprefix ff02::1 ip6-allnodes ff02::2 ip6-allrouters #pmcc dev 127.0.0.1 dev.pmcc.com 回到上一级</description>
    </item>
    
    <item>
      <title>Linux下设置和查看环境变量</title>
      <link>https://huachengzhou.github.io/cycle/javadir/linux/linux%E4%B8%8B%E8%AE%BE%E7%BD%AE%E5%92%8C%E6%9F%A5%E7%9C%8B%E7%8E%AF%E5%A2%83%E5%8F%98%E9%87%8F/</link>
      <pubDate>Fri, 17 Jan 2020 15:26:15 +0000</pubDate>
      
      <guid>https://huachengzhou.github.io/cycle/javadir/linux/linux%E4%B8%8B%E8%AE%BE%E7%BD%AE%E5%92%8C%E6%9F%A5%E7%9C%8B%E7%8E%AF%E5%A2%83%E5%8F%98%E9%87%8F/</guid>
      <description>Linux的变量种类 按变量的生存周期来划分，Linux变量可分为两类： 1 永久的：需要修改配置文件，变量永久生效。 2 临时的：使用export命</description>
    </item>
    
    <item>
      <title>linux命令</title>
      <link>https://huachengzhou.github.io/cycle/javadir/linux/linux%E5%91%BD%E4%BB%A4/</link>
      <pubDate>Fri, 17 Jan 2020 15:26:15 +0000</pubDate>
      
      <guid>https://huachengzhou.github.io/cycle/javadir/linux/linux%E5%91%BD%E4%BB%A4/</guid>
      <description>linux命令 文件管理 文件基本操作 less命令 (Q退出less命令)([pagedown]： 向下翻动一页)([pageup]： 向上翻动一页)</description>
    </item>
    
    <item>
      <title>nginx学习</title>
      <link>https://huachengzhou.github.io/cycle/javadir/linux/nginx/</link>
      <pubDate>Fri, 17 Jan 2020 15:26:15 +0000</pubDate>
      
      <guid>https://huachengzhou.github.io/cycle/javadir/linux/nginx/</guid>
      <description>nginx学习 基础操作 start ./sbin/nginx stop ./sbin/nginx -s stop quite ./sbin/nginx -s quit 启动成功标志 Welcome to nginx! 默认监听的端口是80 也就是说访问此端口就可以得到启动成功的标识符号 简单的负载均衡</description>
    </item>
    
    <item>
      <title>Notepad&#43;&#43; 学习与使用</title>
      <link>https://huachengzhou.github.io/cycle/javadir/linux/notepad&#43;&#43;%E5%AE%89%E8%A3%85/</link>
      <pubDate>Fri, 17 Jan 2020 15:26:15 +0000</pubDate>
      
      <guid>https://huachengzhou.github.io/cycle/javadir/linux/notepad&#43;&#43;%E5%AE%89%E8%A3%85/</guid>
      <description>Notepad++是一套非常有特色的自由软件的纯文字编辑器(许可证:GPL)。有完整的中文化接口及支持多国语言编写的功能(UTF8 技术)。 它</description>
    </item>
    
    <item>
      <title>Ubuntu 16.04修改hosts</title>
      <link>https://huachengzhou.github.io/cycle/javadir/linux/ubuntu16.04%E4%BF%AE%E6%94%B9hosts/</link>
      <pubDate>Fri, 17 Jan 2020 15:26:15 +0000</pubDate>
      
      <guid>https://huachengzhou.github.io/cycle/javadir/linux/ubuntu16.04%E4%BF%AE%E6%94%B9hosts/</guid>
      <description>IntelliJ IDE运行Tomcat报错解决办法的相关资料,出现“Unable to ping server at localhost:1099”错误解决方法，需要的朋友可以参考下 sudo</description>
    </item>
    
    <item>
      <title>ubuntu安装chmsee</title>
      <link>https://huachengzhou.github.io/cycle/javadir/linux/ubuntu%E5%AE%89%E8%A3%85chmsee/</link>
      <pubDate>Fri, 17 Jan 2020 15:26:15 +0000</pubDate>
      
      <guid>https://huachengzhou.github.io/cycle/javadir/linux/ubuntu%E5%AE%89%E8%A3%85chmsee/</guid>
      <description>垃圾的ubuntu 14.04 又一次去掉一些特别好用的软件, 官方给的解释是怕破坏他们系统. 只想说一句 我去年买了个本. 14.04 之前的版本,如13.10, 12.04 继续</description>
    </item>
    
    <item>
      <title>Ubuntu清理系统垃圾</title>
      <link>https://huachengzhou.github.io/cycle/javadir/linux/ubuntu%E6%B8%85%E7%90%86%E7%B3%BB%E7%BB%9F%E5%9E%83%E5%9C%BE/</link>
      <pubDate>Fri, 17 Jan 2020 15:26:15 +0000</pubDate>
      
      <guid>https://huachengzhou.github.io/cycle/javadir/linux/ubuntu%E6%B8%85%E7%90%86%E7%B3%BB%E7%BB%9F%E5%9E%83%E5%9C%BE/</guid>
      <description>1，非常有用的清理命令： sudo apt-get autoclean &amp;ndash;清理旧版本的软件缓存 www.2cto.com sudo apt-get clean&amp;ndash;清理所有软件缓存 sudo apt-get autoremove&amp;nd</description>
    </item>
    
    <item>
      <title>ubuntu软件卸载</title>
      <link>https://huachengzhou.github.io/cycle/javadir/linux/ubuntu%E8%BD%AF%E4%BB%B6%E5%8D%B8%E8%BD%BD/</link>
      <pubDate>Fri, 17 Jan 2020 15:26:15 +0000</pubDate>
      
      <guid>https://huachengzhou.github.io/cycle/javadir/linux/ubuntu%E8%BD%AF%E4%BB%B6%E5%8D%B8%E8%BD%BD/</guid>
      <description>ubuntu软件卸载 安装Synaptic sudo apt-get install synaptic 回到上一级</description>
    </item>
    
  </channel>
</rss>
