<?xml version="1.0" encoding="utf-8" standalone="yes"?>
<rss version="2.0" xmlns:atom="http://www.w3.org/2005/Atom">
  <channel>
    <title>Tags on 禅与摩托车维修艺术</title>
    <link>https://huachengzhou.github.io/cycle/tags/</link>
    <description>Recent content in Tags on 禅与摩托车维修艺术</description>
    <generator>Hugo -- gohugo.io</generator>
    <language>en-us</language>
    <lastBuildDate>Tue, 02 Apr 2019 00:00:00 +0000</lastBuildDate><atom:link href="https://huachengzhou.github.io/cycle/tags/index.xml" rel="self" type="application/rss+xml" />
    <item>
      <title>java</title>
      <link>https://huachengzhou.github.io/cycle/tags/java/</link>
      <pubDate>Tue, 02 Apr 2019 00:00:00 +0000</pubDate>
      
      <guid>https://huachengzhou.github.io/cycle/tags/java/</guid>
      <description></description>
    </item>
    
    <item>
      <title>mysql</title>
      <link>https://huachengzhou.github.io/cycle/tags/mysql/</link>
      <pubDate>Tue, 02 Apr 2019 00:00:00 +0000</pubDate>
      
      <guid>https://huachengzhou.github.io/cycle/tags/mysql/</guid>
      <description></description>
    </item>
    
    <item>
      <title>sql</title>
      <link>https://huachengzhou.github.io/cycle/tags/sql/</link>
      <pubDate>Tue, 02 Apr 2019 00:00:00 +0000</pubDate>
      
      <guid>https://huachengzhou.github.io/cycle/tags/sql/</guid>
      <description></description>
    </item>
    
    <item>
      <title>development</title>
      <link>https://huachengzhou.github.io/cycle/tags/development/</link>
      <pubDate>Wed, 02 Apr 2014 00:00:00 +0000</pubDate>
      
      <guid>https://huachengzhou.github.io/cycle/tags/development/</guid>
      <description></description>
    </item>
    
    <item>
      <title>go</title>
      <link>https://huachengzhou.github.io/cycle/tags/go/</link>
      <pubDate>Wed, 02 Apr 2014 00:00:00 +0000</pubDate>
      
      <guid>https://huachengzhou.github.io/cycle/tags/go/</guid>
      <description></description>
    </item>
    
    <item>
      <title>golang</title>
      <link>https://huachengzhou.github.io/cycle/tags/golang/</link>
      <pubDate>Wed, 02 Apr 2014 00:00:00 +0000</pubDate>
      
      <guid>https://huachengzhou.github.io/cycle/tags/golang/</guid>
      <description></description>
    </item>
    
    <item>
      <title>hugo</title>
      <link>https://huachengzhou.github.io/cycle/tags/hugo/</link>
      <pubDate>Wed, 02 Apr 2014 00:00:00 +0000</pubDate>
      
      <guid>https://huachengzhou.github.io/cycle/tags/hugo/</guid>
      <description></description>
    </item>
    
    <item>
      <title>templates</title>
      <link>https://huachengzhou.github.io/cycle/tags/templates/</link>
      <pubDate>Wed, 02 Apr 2014 00:00:00 +0000</pubDate>
      
      <guid>https://huachengzhou.github.io/cycle/tags/templates/</guid>
      <description></description>
    </item>
    
    <item>
      <title>themes</title>
      <link>https://huachengzhou.github.io/cycle/tags/themes/</link>
      <pubDate>Wed, 02 Apr 2014 00:00:00 +0000</pubDate>
      
      <guid>https://huachengzhou.github.io/cycle/tags/themes/</guid>
      <description></description>
    </item>
    
  </channel>
</rss>
