<?xml version="1.0" encoding="utf-8" standalone="yes"?>
<rss version="2.0" xmlns:atom="http://www.w3.org/2005/Atom">
  <channel>
    <title>groovy 学习与使用  on 禅与摩托车维修艺术</title>
    <link>https://huachengzhou.github.io/cycle/javadir/groovy/</link>
    <description>Recent content in groovy 学习与使用  on 禅与摩托车维修艺术</description>
    <generator>Hugo -- gohugo.io</generator>
    <language>en-us</language>
    <lastBuildDate>Thu, 15 Apr 2021 00:00:00 +0000</lastBuildDate><atom:link href="https://huachengzhou.github.io/cycle/javadir/groovy/index.xml" rel="self" type="application/rss+xml" />
    <item>
      <title> Groovy 概述 </title>
      <link>https://huachengzhou.github.io/cycle/javadir/groovy/groovy%E5%AD%A6%E4%B9%A0/</link>
      <pubDate>Thu, 15 Apr 2021 00:00:00 +0000</pubDate>
      
      <guid>https://huachengzhou.github.io/cycle/javadir/groovy/groovy%E5%AD%A6%E4%B9%A0/</guid>
      <description>Groovy 概述 Groovy是一种基于Java平台的面向对象语言。 Groovy 1.0于2007年1月2日发布，其中Groovy 2.4是当前的主要版本。 Groov</description>
    </item>
    
    <item>
      <title>groovy 基本概念 </title>
      <link>https://huachengzhou.github.io/cycle/javadir/groovy/groovy%E5%9F%BA%E6%9C%AC%E6%A6%82%E5%BF%B5/</link>
      <pubDate>Thu, 15 Apr 2021 00:00:00 +0000</pubDate>
      
      <guid>https://huachengzhou.github.io/cycle/javadir/groovy/groovy%E5%9F%BA%E6%9C%AC%E6%A6%82%E5%BF%B5/</guid>
      <description>groovy 基本概念 1、基本概念 Groovy是一种面向对象的动态类型语言，跟Java一样运行在JVM上。 （注：给Java静态世界带来动态能力的语言） 与</description>
    </item>
    
    <item>
      <title>groovy 数据类型 </title>
      <link>https://huachengzhou.github.io/cycle/javadir/groovy/groovy%E6%95%B0%E6%8D%AE%E7%B1%BB%E5%9E%8B/</link>
      <pubDate>Thu, 15 Apr 2021 00:00:00 +0000</pubDate>
      
      <guid>https://huachengzhou.github.io/cycle/javadir/groovy/groovy%E6%95%B0%E6%8D%AE%E7%B1%BB%E5%9E%8B/</guid>
      <description>Groovy 数据类型 在任何编程语言中，需要使用各种变量来存储各种类型的信息。变量只是保留值的存储位置,这意味着，当你创建一个变量，你保留在内存中的一些</description>
    </item>
    
    <item>
      <title> groovy变量和数据类型 </title>
      <link>https://huachengzhou.github.io/cycle/javadir/groovy/groovy%E5%8F%98%E9%87%8F%E5%92%8C%E6%95%B0%E6%8D%AE%E7%B1%BB%E5%9E%8B%E5%8A%A0%E5%BC%BA/</link>
      <pubDate>Thu, 15 Apr 2021 00:00:00 +0000</pubDate>
      
      <guid>https://huachengzhou.github.io/cycle/javadir/groovy/groovy%E5%8F%98%E9%87%8F%E5%92%8C%E6%95%B0%E6%8D%AE%E7%B1%BB%E5%9E%8B%E5%8A%A0%E5%BC%BA/</guid>
      <description>groovy 变量和数据类型 groovy类型自动推断 先看有一段代码 def a = 12; def int a1 = 12; def a_type = a instanceof Integer ; def a1_type = a1 instanceof Integer ; println(a_type) ; println(a1_type) ; //打印结果如下 true true 从上面我们可</description>
    </item>
    
    <item>
      <title> groovy变量值获取 </title>
      <link>https://huachengzhou.github.io/cycle/javadir/groovy/%E5%A6%82%E4%BD%95%E5%9C%A8groovy%E4%B8%AD%E8%8E%B7%E5%8F%96%E4%BB%A5%E5%8F%A6%E4%B8%80%E4%B8%AA%E5%8F%98%E9%87%8F%E5%91%BD%E5%90%8D%E7%9A%84%E5%8F%98%E9%87%8F%E7%9A%84%E5%80%BC/</link>
      <pubDate>Thu, 15 Apr 2021 00:00:00 +0000</pubDate>
      
      <guid>https://huachengzhou.github.io/cycle/javadir/groovy/%E5%A6%82%E4%BD%95%E5%9C%A8groovy%E4%B8%AD%E8%8E%B7%E5%8F%96%E4%BB%A5%E5%8F%A6%E4%B8%80%E4%B8%AA%E5%8F%98%E9%87%8F%E5%91%BD%E5%90%8D%E7%9A%84%E5%8F%98%E9%87%8F%E7%9A%84%E5%80%BC/</guid>
      <description>groovy变量值获取 ` https://www.codenong.com/34288451/ ` 回到上一级</description>
    </item>
    
    <item>
      <title> groovy对象比较以及空判断 </title>
      <link>https://huachengzhou.github.io/cycle/javadir/groovy/groovy%E4%B8%AD%E5%AF%B9%E8%B1%A1%E7%9A%84%E6%AF%94%E8%BE%83%E4%BB%A5%E5%8F%8A%E9%9D%9E%E7%A9%BA%E5%88%A4%E6%96%AD/</link>
      <pubDate>Thu, 15 Apr 2021 00:00:00 +0000</pubDate>
      
      <guid>https://huachengzhou.github.io/cycle/javadir/groovy/groovy%E4%B8%AD%E5%AF%B9%E8%B1%A1%E7%9A%84%E6%AF%94%E8%BE%83%E4%BB%A5%E5%8F%8A%E9%9D%9E%E7%A9%BA%E5%88%A4%E6%96%AD/</guid>
      <description>groovy 对象比较以及空判断 目前测试得知 groovy的比较貌似很多直接可以使用==来比较 groovy对象的比较 1.字符串比较 def str1 = &amp;quot;Hello World1&amp;quot; if (&amp;quot;Hello World&amp;quot; == str1) { println</description>
    </item>
    
    <item>
      <title> groovy使用场景 </title>
      <link>https://huachengzhou.github.io/cycle/javadir/groovy/groovy%E4%BD%BF%E7%94%A8%E5%9C%BA%E6%99%AF/</link>
      <pubDate>Thu, 15 Apr 2021 00:00:00 +0000</pubDate>
      
      <guid>https://huachengzhou.github.io/cycle/javadir/groovy/groovy%E4%BD%BF%E7%94%A8%E5%9C%BA%E6%99%AF/</guid>
      <description>groovy 使用场景 Groovy可以用于多种情况。比如 1、作为shell脚本语言完成数据处理和文件操作任务。 2、在Java或者Java EE应用程序中嵌</description>
    </item>
    
    <item>
      <title></title>
      <link>https://huachengzhou.github.io/cycle/javadir/groovy/groovy%E5%8F%98%E9%87%8F/</link>
      <pubDate>Mon, 01 Jan 0001 00:00:00 +0000</pubDate>
      
      <guid>https://huachengzhou.github.io/cycle/javadir/groovy/groovy%E5%8F%98%E9%87%8F/</guid>
      <description>Groovy 变量 Groovy中的变量可以通过两种方式定义 - 使用数据类型的本地语法，或者使用def关键字。对于变量定义，必须明确提供类型名称或在替换中使</description>
    </item>
    
  </channel>
</rss>
