<?xml version="1.0" encoding="utf-8" standalone="yes"?>
<rss version="2.0" xmlns:atom="http://www.w3.org/2005/Atom">
  <channel>
    <title>解决问题 on 禅与摩托车维修艺术</title>
    <link>/%E8%87%AA%E6%88%91%E6%8F%90%E5%8D%87/%E8%A7%A3%E5%86%B3%E9%97%AE%E9%A2%98/</link>
    <description>Recent content in 解决问题 on 禅与摩托车维修艺术</description>
    <generator>Hugo -- gohugo.io</generator>
    <language>en-us</language>
    <lastBuildDate>Sun, 17 Jan 2021 15:26:15 +0000</lastBuildDate><atom:link href="/%E8%87%AA%E6%88%91%E6%8F%90%E5%8D%87/%E8%A7%A3%E5%86%B3%E9%97%AE%E9%A2%98/index.xml" rel="self" type="application/rss+xml" />
    <item>
      <title>DNS 污染</title>
      <link>/%E8%87%AA%E6%88%91%E6%8F%90%E5%8D%87/%E8%A7%A3%E5%86%B3%E9%97%AE%E9%A2%98/dnf%E6%B1%A1%E6%9F%93/</link>
      <pubDate>Sun, 17 Jan 2021 15:26:15 +0000</pubDate>
      
      <guid>/%E8%87%AA%E6%88%91%E6%8F%90%E5%8D%87/%E8%A7%A3%E5%86%B3%E9%97%AE%E9%A2%98/dnf%E6%B1%A1%E6%9F%93/</guid>
      <description>中国国内访问 GitHub 为什么很慢很卡甚至访问不了？如何加速访问 GitHub 网站？ 个人总结：强扭的瓜不甜，修改 hosts 也就片刻好光景，要不了多久就变得比没改 hosts 之前更慢</description>
    </item>
    
    <item>
      <title>GitHubPages绑定来自阿里云的域名</title>
      <link>/%E8%87%AA%E6%88%91%E6%8F%90%E5%8D%87/%E8%A7%A3%E5%86%B3%E9%97%AE%E9%A2%98/githubpages%E7%BB%91%E5%AE%9A%E6%9D%A5%E8%87%AA%E9%98%BF%E9%87%8C%E4%BA%91%E7%9A%84%E5%9F%9F%E5%90%8D/</link>
      <pubDate>Sun, 17 Jan 2021 15:26:15 +0000</pubDate>
      
      <guid>/%E8%87%AA%E6%88%91%E6%8F%90%E5%8D%87/%E8%A7%A3%E5%86%B3%E9%97%AE%E9%A2%98/githubpages%E7%BB%91%E5%AE%9A%E6%9D%A5%E8%87%AA%E9%98%BF%E9%87%8C%E4%BA%91%E7%9A%84%E5%9F%9F%E5%90%8D/</guid>
      <description>原教程但是由于他使用的github的用户名做的域名映射器,这样不好的地方是有可能你使用自定义的方式建立github仓库名比如 English study,还</description>
    </item>
    
  </channel>
</rss>
