<?xml version="1.0" encoding="utf-8" standalone="yes"?>
<rss version="2.0" xmlns:atom="http://www.w3.org/2005/Atom">
  <channel>
    <title>visual_studio_code on 禅与摩托车维修艺术</title>
    <link>/%E8%87%AA%E6%88%91%E6%8F%90%E5%8D%87/%E8%A7%A3%E5%86%B3%E9%97%AE%E9%A2%98/visual_studio_code/</link>
    <description>Recent content in visual_studio_code on 禅与摩托车维修艺术</description>
    <generator>Hugo -- gohugo.io</generator>
    <language>en-us</language>
    <lastBuildDate>Sun, 17 Jan 2021 15:26:15 +0000</lastBuildDate><atom:link href="/%E8%87%AA%E6%88%91%E6%8F%90%E5%8D%87/%E8%A7%A3%E5%86%B3%E9%97%AE%E9%A2%98/visual_studio_code/index.xml" rel="self" type="application/rss+xml" />
    <item>
      <title>Visual Studio Code 问题解决方案</title>
      <link>/%E8%87%AA%E6%88%91%E6%8F%90%E5%8D%87/%E8%A7%A3%E5%86%B3%E9%97%AE%E9%A2%98/visual_studio_code/visualstudiocode%E9%97%AE%E9%A2%98/</link>
      <pubDate>Sun, 17 Jan 2021 15:26:15 +0000</pubDate>
      
      <guid>/%E8%87%AA%E6%88%91%E6%8F%90%E5%8D%87/%E8%A7%A3%E5%86%B3%E9%97%AE%E9%A2%98/visual_studio_code/visualstudiocode%E9%97%AE%E9%A2%98/</guid>
      <description>Visual Studio Code 过滤文件 不显示某些文件 效果 过滤工程中显示的文件 不显示某些类型的文件或文件夹 菜单 File/Preferences/ 搜索file exclude 选中workspack页签 添加一个过滤规</description>
    </item>
    
  </channel>
</rss>
