<?xml version="1.0" encoding="utf-8" standalone="yes"?>
<rss version="2.0" xmlns:atom="http://www.w3.org/2005/Atom">
  <channel>
    <title>网络体系结构 on 禅与摩托车维修艺术</title>
    <link>https://huachengzhou.github.io/cycle/computer_network/network_architecture/</link>
    <description>Recent content in 网络体系结构 on 禅与摩托车维修艺术</description>
    <generator>Hugo -- gohugo.io</generator>
    <language>en-us</language>
    <lastBuildDate>Thu, 15 Apr 2021 00:00:00 +0000</lastBuildDate><atom:link href="https://huachengzhou.github.io/cycle/computer_network/network_architecture/index.xml" rel="self" type="application/rss+xml" />
    <item>
      <title>计算机概念 组成 功能 分类 * </title>
      <link>https://huachengzhou.github.io/cycle/computer_network/network_architecture/1.1.1%E8%AE%A1%E7%AE%97%E6%9C%BA%E6%A6%82%E5%BF%B5-%E7%BB%84%E6%88%90-%E5%8A%9F%E8%83%BD-%E5%88%86%E7%B1%BB/</link>
      <pubDate>Mon, 01 Jan 0001 00:00:00 +0000</pubDate>
      
      <guid>https://huachengzhou.github.io/cycle/computer_network/network_architecture/1.1.1%E8%AE%A1%E7%AE%97%E6%9C%BA%E6%A6%82%E5%BF%B5-%E7%BB%84%E6%88%90-%E5%8A%9F%E8%83%BD-%E5%88%86%E7%B1%BB/</guid>
      <description>计算机网络 概念 计算机网络是互连的、自治的计算机集合。 组成 组成部分:硬件、软件、协议 1 工作方式:边缘部分、核心部分 2 功能组成:通信子网、资源子</description>
    </item>
    
    <item>
      <title>标准的分类</title>
      <link>https://huachengzhou.github.io/cycle/computer_network/network_architecture/1.1.2%E6%A0%87%E5%87%86%E5%8C%96%E5%B7%A5%E4%BD%9C%E5%8F%8A%E7%9B%B8%E5%85%B3%E7%BB%84%E7%BB%87/</link>
      <pubDate>Mon, 01 Jan 0001 00:00:00 +0000</pubDate>
      
      <guid>https://huachengzhou.github.io/cycle/computer_network/network_architecture/1.1.2%E6%A0%87%E5%87%86%E5%8C%96%E5%B7%A5%E4%BD%9C%E5%8F%8A%E7%9B%B8%E5%85%B3%E7%BB%84%E7%BB%87/</guid>
      <description>标准的分类 法定标准 由权威机构制定的正式的、合法的标准 OSI 事实标准 某些公司的产品在竞争中占据了主流 ， TCP/IP 时间长了，这些产品中的协议和技术就成了标准</description>
    </item>
    
    <item>
      <title>速率</title>
      <link>https://huachengzhou.github.io/cycle/computer_network/network_architecture/1.1.3%E9%80%9F%E7%8E%87%E7%9B%B8%E5%85%B3%E7%9A%84%E6%80%A7%E8%83%BD%E6%8C%87%E6%A0%87/</link>
      <pubDate>Mon, 01 Jan 0001 00:00:00 +0000</pubDate>
      
      <guid>https://huachengzhou.github.io/cycle/computer_network/network_architecture/1.1.3%E9%80%9F%E7%8E%87%E7%9B%B8%E5%85%B3%E7%9A%84%E6%80%A7%E8%83%BD%E6%8C%87%E6%A0%87/</guid>
      <description>速率 速率即数据率或称数据传输率或比特率 速率即数据率或称数据传输率或比特率 比特 1/0 位 连接在计算机网络上的主机在数字信道上传输数据位数的速率 单位是</description>
    </item>
    
    <item>
      <title>分层结构</title>
      <link>https://huachengzhou.github.io/cycle/computer_network/network_architecture/%E5%88%86%E5%B1%82%E7%BB%93%E6%9E%84/</link>
      <pubDate>Mon, 01 Jan 0001 00:00:00 +0000</pubDate>
      
      <guid>https://huachengzhou.github.io/cycle/computer_network/network_architecture/%E5%88%86%E5%B1%82%E7%BB%93%E6%9E%84/</guid>
      <description>为什么要分层，分层要做什么 （1）发起通信的计算机必须将数据通信的通路进行激活。 （2）要告诉网络如何识别目的主机。 （3）发起通信的计算机要查明</description>
    </item>
    
    <item>
      <title>分层参考模型</title>
      <link>https://huachengzhou.github.io/cycle/computer_network/network_architecture/%E5%88%86%E5%B1%82%E5%8F%82%E8%80%83%E6%A8%A1%E5%9E%8B/</link>
      <pubDate>Mon, 01 Jan 0001 00:00:00 +0000</pubDate>
      
      <guid>https://huachengzhou.github.io/cycle/computer_network/network_architecture/%E5%88%86%E5%B1%82%E5%8F%82%E8%80%83%E6%A8%A1%E5%9E%8B/</guid>
      <description>名称 英文 作用 应用层 Application Layer 直接为用户的应用进程（例如电子邮件、文件传输和终端仿真）提供服务。如HTTP、SMTP、FTP、DNS等 表示层 Presentation Layer 把数</description>
    </item>
    
    <item>
      <title>模型层次详解</title>
      <link>https://huachengzhou.github.io/cycle/computer_network/network_architecture/%E6%A8%A1%E5%9E%8B%E5%B1%82%E6%AC%A1%E8%AF%A6%E8%A7%A3/</link>
      <pubDate>Mon, 01 Jan 0001 00:00:00 +0000</pubDate>
      
      <guid>https://huachengzhou.github.io/cycle/computer_network/network_architecture/%E6%A8%A1%E5%9E%8B%E5%B1%82%E6%AC%A1%E8%AF%A6%E8%A7%A3/</guid>
      <description>计算机网络分成结构 7层OSI参考模型 4层TCP/IP参考模型 5层体系结构 ISO/OSI模型怎么来的 ISO/OSI参考模型 ISO/OSI参考模</description>
    </item>
    
  </channel>
</rss>
