<?xml version="1.0" encoding="utf-8" standalone="yes"?>
<rss version="2.0" xmlns:atom="http://www.w3.org/2005/Atom">
  <channel>
    <title>中间件  on 禅与摩托车维修艺术</title>
    <link>https://huachengzhou.github.io/cycle/javadir/middleware/</link>
    <description>Recent content in 中间件  on 禅与摩托车维修艺术</description>
    <generator>Hugo -- gohugo.io</generator>
    <language>en-us</language>
    <lastBuildDate>Thu, 15 Apr 2021 00:00:00 +0000</lastBuildDate><atom:link href="https://huachengzhou.github.io/cycle/javadir/middleware/index.xml" rel="self" type="application/rss+xml" />
    <item>
      <title>Redis 学习与使用</title>
      <link>https://huachengzhou.github.io/cycle/javadir/middleware/redis/</link>
      <pubDate>Fri, 17 Jan 2020 15:26:15 +0000</pubDate>
      
      <guid>https://huachengzhou.github.io/cycle/javadir/middleware/redis/</guid>
      <description>一.Redis介绍 1.1引言 1:由于用户量大，请求了随之增大，数据压力过大。 2:多台服务器之间数据不同步 3:多台服务器之间的锁已经不存在互斥</description>
    </item>
    
  </channel>
</rss>
