<?xml version="1.0" encoding="utf-8" standalone="yes"?>
<rss version="2.0" xmlns:atom="http://www.w3.org/2005/Atom">
  <channel>
    <title>java on 禅与摩托车维修艺术</title>
    <link>/tags/java/</link>
    <description>Recent content in java on 禅与摩托车维修艺术</description>
    <generator>Hugo -- gohugo.io</generator>
    <language>en-us</language>
    <lastBuildDate>Tue, 02 Apr 2019 00:00:00 +0000</lastBuildDate><atom:link href="/tags/java/index.xml" rel="self" type="application/rss+xml" />
    <item>
      <title> Java技术栈</title>
      <link>/javadir/</link>
      <pubDate>Tue, 02 Apr 2019 00:00:00 +0000</pubDate>
      
      <guid>/javadir/</guid>
      <description>目录 工具文档 中间件 groovy 脚本</description>
    </item>
    
  </channel>
</rss>
