<?xml version="1.0" encoding="utf-8" standalone="yes"?>
<rss version="2.0" xmlns:atom="http://www.w3.org/2005/Atom">
  <channel>
    <title>Categories on 禅与摩托车维修艺术</title>
    <link>/categories/</link>
    <description>Recent content in Categories on 禅与摩托车维修艺术</description>
    <generator>Hugo -- gohugo.io</generator>
    <language>en-us</language>
    <lastBuildDate>Tue, 02 Apr 2019 00:00:00 +0000</lastBuildDate><atom:link href="/categories/index.xml" rel="self" type="application/rss+xml" />
    <item>
      <title>java</title>
      <link>/categories/java/</link>
      <pubDate>Tue, 02 Apr 2019 00:00:00 +0000</pubDate>
      
      <guid>/categories/java/</guid>
      <description></description>
    </item>
    
    <item>
      <title>mysql</title>
      <link>/categories/mysql/</link>
      <pubDate>Tue, 02 Apr 2019 00:00:00 +0000</pubDate>
      
      <guid>/categories/mysql/</guid>
      <description></description>
    </item>
    
    <item>
      <title>sql</title>
      <link>/categories/sql/</link>
      <pubDate>Tue, 02 Apr 2019 00:00:00 +0000</pubDate>
      
      <guid>/categories/sql/</guid>
      <description></description>
    </item>
    
    <item>
      <title>Development</title>
      <link>/categories/development/</link>
      <pubDate>Wed, 02 Apr 2014 00:00:00 +0000</pubDate>
      
      <guid>/categories/development/</guid>
      <description></description>
    </item>
    
    <item>
      <title>golang</title>
      <link>/categories/golang/</link>
      <pubDate>Wed, 02 Apr 2014 00:00:00 +0000</pubDate>
      
      <guid>/categories/golang/</guid>
      <description></description>
    </item>
    
  </channel>
</rss>
