<?xml version="1.0" encoding="utf-8" standalone="yes"?>
<rss version="2.0" xmlns:atom="http://www.w3.org/2005/Atom">
  <channel>
    <title>自我提升 on 禅与摩托车维修艺术</title>
    <link>https://huachengzhou.github.io/cycle/%E8%87%AA%E6%88%91%E6%8F%90%E5%8D%87/</link>
    <description>Recent content in 自我提升 on 禅与摩托车维修艺术</description>
    <generator>Hugo -- gohugo.io</generator>
    <language>en-us</language>
    <lastBuildDate>Sun, 17 Jan 2021 15:26:15 +0000</lastBuildDate><atom:link href="https://huachengzhou.github.io/cycle/%E8%87%AA%E6%88%91%E6%8F%90%E5%8D%87/index.xml" rel="self" type="application/rss+xml" />
    <item>
      <title>学习计划</title>
      <link>https://huachengzhou.github.io/cycle/%E8%87%AA%E6%88%91%E6%8F%90%E5%8D%87/2021-04%E5%AD%A6%E4%B9%A0%E8%AE%A1%E5%88%92/</link>
      <pubDate>Sun, 17 Jan 2021 15:26:15 +0000</pubDate>
      
      <guid>https://huachengzhou.github.io/cycle/%E8%87%AA%E6%88%91%E6%8F%90%E5%8D%87/2021-04%E5%AD%A6%E4%B9%A0%E8%AE%A1%E5%88%92/</guid>
      <description>Java 消息中间件 RabbitMq 和 kafka (建议学习RabbitMq) web socket or spring socket springboot (spring cloud考虑) redis (深入使用) mysql 这次复习以往 突破 存储和锁 如行锁 java 并发(深入) nio netty</description>
    </item>
    
    <item>
      <title>记忆方法</title>
      <link>https://huachengzhou.github.io/cycle/%E8%87%AA%E6%88%91%E6%8F%90%E5%8D%87/%E8%AE%B0%E5%BF%86/</link>
      <pubDate>Sun, 17 Jan 2021 15:26:15 +0000</pubDate>
      
      <guid>https://huachengzhou.github.io/cycle/%E8%87%AA%E6%88%91%E6%8F%90%E5%8D%87/%E8%AE%B0%E5%BF%86/</guid>
      <description>记忆方法 提高记忆的关键，在于想象和创意 编故事有助于提高记忆力 通过编故事，再加上逻辑或地点（后者更多一些）; 编故事是加强了记忆桩之间的联系 记忆</description>
    </item>
    
    <item>
      <title>学习方法</title>
      <link>https://huachengzhou.github.io/cycle/%E8%87%AA%E6%88%91%E6%8F%90%E5%8D%87/%E5%AD%A6%E4%B9%A0%E6%96%B9%E6%B3%95/</link>
      <pubDate>Sun, 17 Jan 2021 15:26:15 +0000</pubDate>
      
      <guid>https://huachengzhou.github.io/cycle/%E8%87%AA%E6%88%91%E6%8F%90%E5%8D%87/%E5%AD%A6%E4%B9%A0%E6%96%B9%E6%B3%95/</guid>
      <description></description>
    </item>
    
    <item>
      <title>冥想</title>
      <link>https://huachengzhou.github.io/cycle/%E8%87%AA%E6%88%91%E6%8F%90%E5%8D%87/%E5%86%A5%E6%83%B3/</link>
      <pubDate>Sun, 17 Jan 2021 15:26:15 +0000</pubDate>
      
      <guid>https://huachengzhou.github.io/cycle/%E8%87%AA%E6%88%91%E6%8F%90%E5%8D%87/%E5%86%A5%E6%83%B3/</guid>
      <description>冥想 呼吸冥想法 1:坐好，后背挺直，然后闭上眼睛 2:关注你自己呼吸时的感觉,吸气，吸气，选择一个感受突出的地方，通常是你的鼻子或者耳朵、腹部然</description>
    </item>
    
  </channel>
</rss>
