<?xml version="1.0" encoding="utf-8" standalone="yes"?>
<rss version="2.0" xmlns:atom="http://www.w3.org/2005/Atom">
  <channel>
    <title>Home title on 禅与摩托车维修艺术</title>
    <link>https://huachengzhou.github.io/cycle/</link>
    <description>Recent content in Home title on 禅与摩托车维修艺术</description>
    <generator>Hugo -- gohugo.io</generator>
    <language>en-us</language>
    <lastBuildDate>Thu, 19 Oct 2017 15:26:15 +0000</lastBuildDate><atom:link href="https://huachengzhou.github.io/cycle/index.xml" rel="self" type="application/rss+xml" />
    <item>
      <title> Groovy 概述 </title>
      <link>https://huachengzhou.github.io/cycle/javadir/groovy/groovy%E5%AD%A6%E4%B9%A0/</link>
      <pubDate>Thu, 15 Apr 2021 00:00:00 +0000</pubDate>
      
      <guid>https://huachengzhou.github.io/cycle/javadir/groovy/groovy%E5%AD%A6%E4%B9%A0/</guid>
      <description>Groovy 概述 Groovy是一种基于Java平台的面向对象语言。 Groovy 1.0于2007年1月2日发布，其中Groovy 2.4是当前的主要版本。 Groov</description>
    </item>
    
    <item>
      <title>groovy 基本概念 </title>
      <link>https://huachengzhou.github.io/cycle/javadir/groovy/groovy%E5%9F%BA%E6%9C%AC%E6%A6%82%E5%BF%B5/</link>
      <pubDate>Thu, 15 Apr 2021 00:00:00 +0000</pubDate>
      
      <guid>https://huachengzhou.github.io/cycle/javadir/groovy/groovy%E5%9F%BA%E6%9C%AC%E6%A6%82%E5%BF%B5/</guid>
      <description>groovy 基本概念 1、基本概念 Groovy是一种面向对象的动态类型语言，跟Java一样运行在JVM上。 （注：给Java静态世界带来动态能力的语言） 与</description>
    </item>
    
    <item>
      <title>java_监听事件原理 </title>
      <link>https://huachengzhou.github.io/cycle/javadir/basedir/jsp_dir/java_%E7%9B%91%E5%90%AC%E4%BA%8B%E4%BB%B6%E5%8E%9F%E7%90%86/</link>
      <pubDate>Thu, 15 Apr 2021 00:00:00 +0000</pubDate>
      
      <guid>https://huachengzhou.github.io/cycle/javadir/basedir/jsp_dir/java_%E7%9B%91%E5%90%AC%E4%BA%8B%E4%BB%B6%E5%8E%9F%E7%90%86/</guid>
      <description>接口回调法 模拟输出监听事件 第一步先定义事件接口 public interface PrintListener { public void print(); } 第二步自定义输出类 public class Out { PrintListener listener=null; public Out() { } public Out(PrintListener listener) { this.listener=listener; } public void printlen(String s) { System.out.println(s); if(listener!=null) { listener.print(); } } } 第三</description>
    </item>
    
    <item>
      <title>Apache Commons 工具类介绍及简单使用</title>
      <link>https://huachengzhou.github.io/cycle/javadir/tooldoc/apache-common%E5%B7%A5%E5%85%B7%E5%8C%85/</link>
      <pubDate>Fri, 17 Jan 2020 15:26:15 +0000</pubDate>
      
      <guid>https://huachengzhou.github.io/cycle/javadir/tooldoc/apache-common%E5%B7%A5%E5%85%B7%E5%8C%85/</guid>
      <description>Apache Commons 工具类介绍及简单使用 组件 功能介绍 BeanUtils Commons-BeanUtils 提供对 Java 反射和自省API的包装, 提供了对于JavaBean进行各种操作，克隆对象,属性等等. Betwixt XML</description>
    </item>
    
    <item>
      <title>apache FilenameUtils 文件名称操作</title>
      <link>https://huachengzhou.github.io/cycle/javadir/tooldoc/commons_io/</link>
      <pubDate>Fri, 17 Jan 2020 15:26:15 +0000</pubDate>
      
      <guid>https://huachengzhou.github.io/cycle/javadir/tooldoc/commons_io/</guid>
      <description>org.apache.commons.io.FilenameUtils 文件名称操作 FilenameUtils.getExtension(fileName) 获取文件后缀 //text FilenameUtils.getName(fileName) 获取文件完整名称 //c.text FilenameUtils.getBaseName(fileName) 获取文件名称 //c FilenameUtils.getFullPath(fileName) 获取文件的完整路径 //D:\data\ String path = &amp;quot;D:\\data\\假设开发法土地</description>
    </item>
    
    <item>
      <title>dom4j</title>
      <link>https://huachengzhou.github.io/cycle/javadir/tooldoc/dom4j/</link>
      <pubDate>Fri, 17 Jan 2020 15:26:15 +0000</pubDate>
      
      <guid>https://huachengzhou.github.io/cycle/javadir/tooldoc/dom4j/</guid>
      <description>dom4j 选取节点 nodename 选取当前节点的所有子节点 / 从根节点选取 // 从匹配选择的当前节点选择文档中的节点，而不考虑它们的位置 . 选取当前节点 .. 选取当前节点的父</description>
    </item>
    
    <item>
      <title>git学习</title>
      <link>https://huachengzhou.github.io/cycle/javadir/linux/git_introduction/</link>
      <pubDate>Fri, 17 Jan 2020 15:26:15 +0000</pubDate>
      
      <guid>https://huachengzhou.github.io/cycle/javadir/linux/git_introduction/</guid>
      <description>git学习 git 区域概念 git分为工作区(我们自己的file)和版本库这其中版本库又包含暂存区(Stage)和分支区(master) git add ********** 把文件</description>
    </item>
    
    <item>
      <title>git配置</title>
      <link>https://huachengzhou.github.io/cycle/javadir/linux/gitub_config/</link>
      <pubDate>Fri, 17 Jan 2020 15:26:15 +0000</pubDate>
      
      <guid>https://huachengzhou.github.io/cycle/javadir/linux/gitub_config/</guid>
      <description>zhou@zhou-Lenovo-Z480:~$ git version git version 2.7.4 zhou@zhou-Lenovo-Z480:~$ ssh -T git@github.com Warning: Permanently added the RSA host key for IP address &#39;192.30.255.112&#39; to the list of known hosts. Permission denied (publickey). zhou@zhou-Lenovo-Z480:~$ git config --global user.name &amp;quot;zhouchenhua&amp;quot; zhou@zhou-Lenovo-Z480:~$ git config --global user.email &amp;quot;noatnu@163.com&amp;quot; zhou@zhou-Lenovo-Z480:~$ git config --list user.name=zhouchenhua user.email=noatnu@163.com zhou@zhou-Lenovo-Z480:~$ ssh-keygen -C ‘noatnu@163.com’ -t rsa Generating</description>
    </item>
    
    <item>
      <title>Guava 基于java1.6的类库集合的扩展项目</title>
      <link>https://huachengzhou.github.io/cycle/javadir/tooldoc/guava-common/</link>
      <pubDate>Fri, 17 Jan 2020 15:26:15 +0000</pubDate>
      
      <guid>https://huachengzhou.github.io/cycle/javadir/tooldoc/guava-common/</guid>
      <description>Guava 基于java1.6的类库集合的扩展项目 com.google.common.annotations：普通注解类型。 com.google.co</description>
    </item>
    
    <item>
      <title>host映射</title>
      <link>https://huachengzhou.github.io/cycle/javadir/linux/host%E6%98%A0%E5%B0%84/</link>
      <pubDate>Fri, 17 Jan 2020 15:26:15 +0000</pubDate>
      
      <guid>https://huachengzhou.github.io/cycle/javadir/linux/host%E6%98%A0%E5%B0%84/</guid>
      <description>sudo vi hosts 127.0.0.1 localhost 127.0.1.1 zhou-Lenovo-Z480 The following lines are desirable for IPv6 capable hosts ::1 ip6-localhost ip6-loopback fe00::0 ip6-localnet ff00::0 ip6-mcastprefix ff02::1 ip6-allnodes ff02::2 ip6-allrouters #pmcc dev 127.0.0.1 dev.pmcc.com 回到上一级</description>
    </item>
    
    <item>
      <title>jsoup学习文档</title>
      <link>https://huachengzhou.github.io/cycle/javadir/tooldoc/jsoup/</link>
      <pubDate>Fri, 17 Jan 2020 15:26:15 +0000</pubDate>
      
      <guid>https://huachengzhou.github.io/cycle/javadir/tooldoc/jsoup/</guid>
      <description>jsoup学习文档 简介 Jsoup是用于解析HTML，就类似XML解析器用于解析XML。 Jsoup它解析HTML成为真实世界的HTML。 它与j</description>
    </item>
    
    <item>
      <title>Linux下设置和查看环境变量</title>
      <link>https://huachengzhou.github.io/cycle/javadir/linux/linux%E4%B8%8B%E8%AE%BE%E7%BD%AE%E5%92%8C%E6%9F%A5%E7%9C%8B%E7%8E%AF%E5%A2%83%E5%8F%98%E9%87%8F/</link>
      <pubDate>Fri, 17 Jan 2020 15:26:15 +0000</pubDate>
      
      <guid>https://huachengzhou.github.io/cycle/javadir/linux/linux%E4%B8%8B%E8%AE%BE%E7%BD%AE%E5%92%8C%E6%9F%A5%E7%9C%8B%E7%8E%AF%E5%A2%83%E5%8F%98%E9%87%8F/</guid>
      <description>Linux的变量种类 按变量的生存周期来划分，Linux变量可分为两类： 1 永久的：需要修改配置文件，变量永久生效。 2 临时的：使用export命</description>
    </item>
    
    <item>
      <title>linux命令</title>
      <link>https://huachengzhou.github.io/cycle/javadir/linux/linux%E5%91%BD%E4%BB%A4/</link>
      <pubDate>Fri, 17 Jan 2020 15:26:15 +0000</pubDate>
      
      <guid>https://huachengzhou.github.io/cycle/javadir/linux/linux%E5%91%BD%E4%BB%A4/</guid>
      <description>linux命令 文件管理 文件基本操作 less命令 (Q退出less命令)([pagedown]： 向下翻动一页)([pageup]： 向上翻动一页)</description>
    </item>
    
    <item>
      <title>nginx学习</title>
      <link>https://huachengzhou.github.io/cycle/javadir/linux/nginx/</link>
      <pubDate>Fri, 17 Jan 2020 15:26:15 +0000</pubDate>
      
      <guid>https://huachengzhou.github.io/cycle/javadir/linux/nginx/</guid>
      <description>nginx学习 基础操作 start ./sbin/nginx stop ./sbin/nginx -s stop quite ./sbin/nginx -s quit 启动成功标志 Welcome to nginx! 默认监听的端口是80 也就是说访问此端口就可以得到启动成功的标识符号 简单的负载均衡</description>
    </item>
    
    <item>
      <title>Notepad&#43;&#43; 学习与使用</title>
      <link>https://huachengzhou.github.io/cycle/javadir/linux/notepad&#43;&#43;%E5%AE%89%E8%A3%85/</link>
      <pubDate>Fri, 17 Jan 2020 15:26:15 +0000</pubDate>
      
      <guid>https://huachengzhou.github.io/cycle/javadir/linux/notepad&#43;&#43;%E5%AE%89%E8%A3%85/</guid>
      <description>Notepad++是一套非常有特色的自由软件的纯文字编辑器(许可证:GPL)。有完整的中文化接口及支持多国语言编写的功能(UTF8 技术)。 它</description>
    </item>
    
    <item>
      <title>Redis 学习与使用</title>
      <link>https://huachengzhou.github.io/cycle/javadir/middleware/redis/</link>
      <pubDate>Fri, 17 Jan 2020 15:26:15 +0000</pubDate>
      
      <guid>https://huachengzhou.github.io/cycle/javadir/middleware/redis/</guid>
      <description>一.Redis介绍 1.1引言 1:由于用户量大，请求了随之增大，数据压力过大。 2:多台服务器之间数据不同步 3:多台服务器之间的锁已经不存在互斥</description>
    </item>
    
    <item>
      <title>spring工具类</title>
      <link>https://huachengzhou.github.io/cycle/javadir/tooldoc/spring%E5%B7%A5%E5%85%B7/</link>
      <pubDate>Fri, 17 Jan 2020 15:26:15 +0000</pubDate>
      
      <guid>https://huachengzhou.github.io/cycle/javadir/tooldoc/spring%E5%B7%A5%E5%85%B7/</guid>
      <description>spring工具类 Spring-core中提供了大量的工具类，常用的有StringUtils、ObjectUtils、NumberUtils</description>
    </item>
    
    <item>
      <title>spring常用的工具类</title>
      <link>https://huachengzhou.github.io/cycle/javadir/tooldoc/spring%E5%B8%B8%E7%94%A8%E7%9A%84%E5%B7%A5%E5%85%B7%E7%B1%BB/</link>
      <pubDate>Fri, 17 Jan 2020 15:26:15 +0000</pubDate>
      
      <guid>https://huachengzhou.github.io/cycle/javadir/tooldoc/spring%E5%B8%B8%E7%94%A8%E7%9A%84%E5%B7%A5%E5%85%B7%E7%B1%BB/</guid>
      <description>spring常用的工具类 内置的resouce类型 UrlResource ClassPathResource FileSystemResource ServletContextResource InputStreamResource ByteArrayResource EncodedResource 也就是Resource加上encoding, 可以认为是有编码的资源 VfsRes</description>
    </item>
    
    <item>
      <title>Ubuntu 16.04修改hosts</title>
      <link>https://huachengzhou.github.io/cycle/javadir/linux/ubuntu16.04%E4%BF%AE%E6%94%B9hosts/</link>
      <pubDate>Fri, 17 Jan 2020 15:26:15 +0000</pubDate>
      
      <guid>https://huachengzhou.github.io/cycle/javadir/linux/ubuntu16.04%E4%BF%AE%E6%94%B9hosts/</guid>
      <description>IntelliJ IDE运行Tomcat报错解决办法的相关资料,出现“Unable to ping server at localhost:1099”错误解决方法，需要的朋友可以参考下 sudo</description>
    </item>
    
    <item>
      <title>ubuntu安装chmsee</title>
      <link>https://huachengzhou.github.io/cycle/javadir/linux/ubuntu%E5%AE%89%E8%A3%85chmsee/</link>
      <pubDate>Fri, 17 Jan 2020 15:26:15 +0000</pubDate>
      
      <guid>https://huachengzhou.github.io/cycle/javadir/linux/ubuntu%E5%AE%89%E8%A3%85chmsee/</guid>
      <description>垃圾的ubuntu 14.04 又一次去掉一些特别好用的软件, 官方给的解释是怕破坏他们系统. 只想说一句 我去年买了个本. 14.04 之前的版本,如13.10, 12.04 继续</description>
    </item>
    
    <item>
      <title>Ubuntu清理系统垃圾</title>
      <link>https://huachengzhou.github.io/cycle/javadir/linux/ubuntu%E6%B8%85%E7%90%86%E7%B3%BB%E7%BB%9F%E5%9E%83%E5%9C%BE/</link>
      <pubDate>Fri, 17 Jan 2020 15:26:15 +0000</pubDate>
      
      <guid>https://huachengzhou.github.io/cycle/javadir/linux/ubuntu%E6%B8%85%E7%90%86%E7%B3%BB%E7%BB%9F%E5%9E%83%E5%9C%BE/</guid>
      <description>1，非常有用的清理命令： sudo apt-get autoclean &amp;ndash;清理旧版本的软件缓存 www.2cto.com sudo apt-get clean&amp;ndash;清理所有软件缓存 sudo apt-get autoremove&amp;nd</description>
    </item>
    
    <item>
      <title>ubuntu软件卸载</title>
      <link>https://huachengzhou.github.io/cycle/javadir/linux/ubuntu%E8%BD%AF%E4%BB%B6%E5%8D%B8%E8%BD%BD/</link>
      <pubDate>Fri, 17 Jan 2020 15:26:15 +0000</pubDate>
      
      <guid>https://huachengzhou.github.io/cycle/javadir/linux/ubuntu%E8%BD%AF%E4%BB%B6%E5%8D%B8%E8%BD%BD/</guid>
      <description>ubuntu软件卸载 安装Synaptic sudo apt-get install synaptic 回到上一级</description>
    </item>
    
    <item>
      <title>常用 Console 调试命令</title>
      <link>https://huachengzhou.github.io/cycle/javadir/tooldoc/js_console%E7%94%A8%E6%B3%95/</link>
      <pubDate>Fri, 17 Jan 2020 15:26:15 +0000</pubDate>
      
      <guid>https://huachengzhou.github.io/cycle/javadir/tooldoc/js_console%E7%94%A8%E6%B3%95/</guid>
      <description>Console 对象方法 常用 Console 调试命令 console.log(&#39;hello&#39;); console.info(&#39;信息&#39;); console.error(&#39;错误&#39;); console.warn(&#39;警告&#39;)</description>
    </item>
    
    <item>
      <title>数据通信基础知识 </title>
      <link>https://huachengzhou.github.io/cycle/computer_network/physical_layer/%E6%95%B0%E6%8D%AE%E9%80%9A%E4%BF%A1%E5%9F%BA%E7%A1%80%E7%9F%A5%E8%AF%86/</link>
      <pubDate>Mon, 01 Jan 0001 00:00:00 +0000</pubDate>
      
      <guid>https://huachengzhou.github.io/cycle/computer_network/physical_layer/%E6%95%B0%E6%8D%AE%E9%80%9A%E4%BF%A1%E5%9F%BA%E7%A1%80%E7%9F%A5%E8%AF%86/</guid>
      <description>典型的数据通信模型 数据通信相关术语 通信的目的是传送消息(消息:语音、文字、图像、视频等)。 信号:数据的电气/电磁的表现，是数据在传输过程中的</description>
    </item>
    
    <item>
      <title>物理层基本概念 </title>
      <link>https://huachengzhou.github.io/cycle/computer_network/physical_layer/%E7%89%A9%E7%90%86%E5%B1%82%E5%9F%BA%E6%9C%AC%E6%A6%82%E5%BF%B5/</link>
      <pubDate>Mon, 01 Jan 0001 00:00:00 +0000</pubDate>
      
      <guid>https://huachengzhou.github.io/cycle/computer_network/physical_layer/%E7%89%A9%E7%90%86%E5%B1%82%E5%9F%BA%E6%9C%AC%E6%A6%82%E5%BF%B5/</guid>
      <description>物理层接口特性 物理层解决如何在连接各种计算机的传输媒体上传输数据比特流，而不是指具体的传输媒体。 物理层主要任务：确定与传输媒体接口有关的一些</description>
    </item>
    
    <item>
      <title>计算机概念 组成 功能 分类 * </title>
      <link>https://huachengzhou.github.io/cycle/computer_network/network_architecture/1.1.1%E8%AE%A1%E7%AE%97%E6%9C%BA%E6%A6%82%E5%BF%B5-%E7%BB%84%E6%88%90-%E5%8A%9F%E8%83%BD-%E5%88%86%E7%B1%BB/</link>
      <pubDate>Mon, 01 Jan 0001 00:00:00 +0000</pubDate>
      
      <guid>https://huachengzhou.github.io/cycle/computer_network/network_architecture/1.1.1%E8%AE%A1%E7%AE%97%E6%9C%BA%E6%A6%82%E5%BF%B5-%E7%BB%84%E6%88%90-%E5%8A%9F%E8%83%BD-%E5%88%86%E7%B1%BB/</guid>
      <description>计算机网络 概念 计算机网络是互连的、自治的计算机集合。 组成 组成部分:硬件、软件、协议 1 工作方式:边缘部分、核心部分 2 功能组成:通信子网、资源子</description>
    </item>
    
    <item>
      <title>EL基础教程 </title>
      <link>https://huachengzhou.github.io/cycle/javadir/basedir/jsp_dir/jsp_el%E5%9F%BA%E7%A1%80%E6%95%99%E7%A8%8B/</link>
      <pubDate>Thu, 15 Apr 2021 00:00:00 +0000</pubDate>
      
      <guid>https://huachengzhou.github.io/cycle/javadir/basedir/jsp_dir/jsp_el%E5%9F%BA%E7%A1%80%E6%95%99%E7%A8%8B/</guid>
      <description>EL基础教程 El标签语法 ${参数名} EL标签的功能 可以访问JSP中不同的域的对象 可以访问JavaBean中的属性 可以访问集合元素 支持简单的运</description>
    </item>
    
    <item>
      <title>groovy 数据类型 </title>
      <link>https://huachengzhou.github.io/cycle/javadir/groovy/groovy%E6%95%B0%E6%8D%AE%E7%B1%BB%E5%9E%8B/</link>
      <pubDate>Thu, 15 Apr 2021 00:00:00 +0000</pubDate>
      
      <guid>https://huachengzhou.github.io/cycle/javadir/groovy/groovy%E6%95%B0%E6%8D%AE%E7%B1%BB%E5%9E%8B/</guid>
      <description>Groovy 数据类型 在任何编程语言中，需要使用各种变量来存储各种类型的信息。变量只是保留值的存储位置,这意味着，当你创建一个变量，你保留在内存中的一些</description>
    </item>
    
    <item>
      <title>学习计划</title>
      <link>https://huachengzhou.github.io/cycle/%E8%87%AA%E6%88%91%E6%8F%90%E5%8D%87/2021-04%E5%AD%A6%E4%B9%A0%E8%AE%A1%E5%88%92/</link>
      <pubDate>Sun, 17 Jan 2021 15:26:15 +0000</pubDate>
      
      <guid>https://huachengzhou.github.io/cycle/%E8%87%AA%E6%88%91%E6%8F%90%E5%8D%87/2021-04%E5%AD%A6%E4%B9%A0%E8%AE%A1%E5%88%92/</guid>
      <description>Java 消息中间件 RabbitMq 和 kafka (建议学习RabbitMq) web socket or spring socket springboot (spring cloud考虑) redis (深入使用) mysql 这次复习以往 突破 存储和锁 如行锁 java 并发(深入) nio netty</description>
    </item>
    
    <item>
      <title>标准的分类</title>
      <link>https://huachengzhou.github.io/cycle/computer_network/network_architecture/1.1.2%E6%A0%87%E5%87%86%E5%8C%96%E5%B7%A5%E4%BD%9C%E5%8F%8A%E7%9B%B8%E5%85%B3%E7%BB%84%E7%BB%87/</link>
      <pubDate>Mon, 01 Jan 0001 00:00:00 +0000</pubDate>
      
      <guid>https://huachengzhou.github.io/cycle/computer_network/network_architecture/1.1.2%E6%A0%87%E5%87%86%E5%8C%96%E5%B7%A5%E4%BD%9C%E5%8F%8A%E7%9B%B8%E5%85%B3%E7%BB%84%E7%BB%87/</guid>
      <description>标准的分类 法定标准 由权威机构制定的正式的、合法的标准 OSI 事实标准 某些公司的产品在竞争中占据了主流 ， TCP/IP 时间长了，这些产品中的协议和技术就成了标准</description>
    </item>
    
    <item>
      <title>jsp jstl core 标签库 </title>
      <link>https://huachengzhou.github.io/cycle/javadir/basedir/jsp_dir/jsp_jstl_core%E6%A0%87%E7%AD%BE%E5%BA%93/</link>
      <pubDate>Thu, 15 Apr 2021 00:00:00 +0000</pubDate>
      
      <guid>https://huachengzhou.github.io/cycle/javadir/basedir/jsp_dir/jsp_jstl_core%E6%A0%87%E7%AD%BE%E5%BA%93/</guid>
      <description>JSTL标签库 JSTL主要有五大类标签库 core标签库(核心标签库),包括通用标签(输出标签),流程控制和循环控制标签 fmt标签库,包括格式</description>
    </item>
    
    <item>
      <title>速率</title>
      <link>https://huachengzhou.github.io/cycle/computer_network/network_architecture/1.1.3%E9%80%9F%E7%8E%87%E7%9B%B8%E5%85%B3%E7%9A%84%E6%80%A7%E8%83%BD%E6%8C%87%E6%A0%87/</link>
      <pubDate>Mon, 01 Jan 0001 00:00:00 +0000</pubDate>
      
      <guid>https://huachengzhou.github.io/cycle/computer_network/network_architecture/1.1.3%E9%80%9F%E7%8E%87%E7%9B%B8%E5%85%B3%E7%9A%84%E6%80%A7%E8%83%BD%E6%8C%87%E6%A0%87/</guid>
      <description>速率 速率即数据率或称数据传输率或比特率 速率即数据率或称数据传输率或比特率 比特 1/0 位 连接在计算机网络上的主机在数字信道上传输数据位数的速率 单位是</description>
    </item>
    
    <item>
      <title> groovy变量和数据类型 </title>
      <link>https://huachengzhou.github.io/cycle/javadir/groovy/groovy%E5%8F%98%E9%87%8F%E5%92%8C%E6%95%B0%E6%8D%AE%E7%B1%BB%E5%9E%8B%E5%8A%A0%E5%BC%BA/</link>
      <pubDate>Thu, 15 Apr 2021 00:00:00 +0000</pubDate>
      
      <guid>https://huachengzhou.github.io/cycle/javadir/groovy/groovy%E5%8F%98%E9%87%8F%E5%92%8C%E6%95%B0%E6%8D%AE%E7%B1%BB%E5%9E%8B%E5%8A%A0%E5%BC%BA/</guid>
      <description>groovy 变量和数据类型 groovy类型自动推断 先看有一段代码 def a = 12; def int a1 = 12; def a_type = a instanceof Integer ; def a1_type = a1 instanceof Integer ; println(a_type) ; println(a1_type) ; //打印结果如下 true true 从上面我们可</description>
    </item>
    
    <item>
      <title>jsp jstl session </title>
      <link>https://huachengzhou.github.io/cycle/javadir/basedir/jsp_dir/jsp_jstl_session/</link>
      <pubDate>Thu, 15 Apr 2021 00:00:00 +0000</pubDate>
      
      <guid>https://huachengzhou.github.io/cycle/javadir/basedir/jsp_dir/jsp_jstl_session/</guid>
      <description>Session HTTP是无状态协议，这意味着每次客户端检索网页时，都要单独打开一个服务器连接，因此服务器不会记录下先前客户端请求的任何信息 会话,当用户打</description>
    </item>
    
    <item>
      <title>分层结构</title>
      <link>https://huachengzhou.github.io/cycle/computer_network/network_architecture/%E5%88%86%E5%B1%82%E7%BB%93%E6%9E%84/</link>
      <pubDate>Mon, 01 Jan 0001 00:00:00 +0000</pubDate>
      
      <guid>https://huachengzhou.github.io/cycle/computer_network/network_architecture/%E5%88%86%E5%B1%82%E7%BB%93%E6%9E%84/</guid>
      <description>为什么要分层，分层要做什么 （1）发起通信的计算机必须将数据通信的通路进行激活。 （2）要告诉网络如何识别目的主机。 （3）发起通信的计算机要查明</description>
    </item>
    
    <item>
      <title> groovy变量值获取 </title>
      <link>https://huachengzhou.github.io/cycle/javadir/groovy/%E5%A6%82%E4%BD%95%E5%9C%A8groovy%E4%B8%AD%E8%8E%B7%E5%8F%96%E4%BB%A5%E5%8F%A6%E4%B8%80%E4%B8%AA%E5%8F%98%E9%87%8F%E5%91%BD%E5%90%8D%E7%9A%84%E5%8F%98%E9%87%8F%E7%9A%84%E5%80%BC/</link>
      <pubDate>Thu, 15 Apr 2021 00:00:00 +0000</pubDate>
      
      <guid>https://huachengzhou.github.io/cycle/javadir/groovy/%E5%A6%82%E4%BD%95%E5%9C%A8groovy%E4%B8%AD%E8%8E%B7%E5%8F%96%E4%BB%A5%E5%8F%A6%E4%B8%80%E4%B8%AA%E5%8F%98%E9%87%8F%E5%91%BD%E5%90%8D%E7%9A%84%E5%8F%98%E9%87%8F%E7%9A%84%E5%80%BC/</guid>
      <description>groovy变量值获取 ` https://www.codenong.com/34288451/ ` 回到上一级</description>
    </item>
    
    <item>
      <title>字符串el表达式 </title>
      <link>https://huachengzhou.github.io/cycle/javadir/basedir/jsp_dir/jsp_%E5%AD%97%E7%AC%A6%E4%B8%B2el%E8%A1%A8%E8%BE%BE%E5%BC%8F/</link>
      <pubDate>Thu, 15 Apr 2021 00:00:00 +0000</pubDate>
      
      <guid>https://huachengzhou.github.io/cycle/javadir/basedir/jsp_dir/jsp_%E5%AD%97%E7%AC%A6%E4%B8%B2el%E8%A1%A8%E8%BE%BE%E5%BC%8F/</guid>
      <description>字符串el表达式 fn:contains 判断字符串是否包含另外一个字符串 &amp;lt;c:if test=&amp;quot;${fn:contains(name, searchString)}&amp;quot;&amp;gt; fn:containsIgnoreCase 判断字符串是否包含另外一个字符串(大小写无关) &amp;lt;c:if test=&amp;quot;${fn:containsIgnoreCase(name, searchString)}&amp;quot;&amp;gt; fn:endsWith 判断字符串是否以另外字符串结</description>
    </item>
    
    <item>
      <title>分层参考模型</title>
      <link>https://huachengzhou.github.io/cycle/computer_network/network_architecture/%E5%88%86%E5%B1%82%E5%8F%82%E8%80%83%E6%A8%A1%E5%9E%8B/</link>
      <pubDate>Mon, 01 Jan 0001 00:00:00 +0000</pubDate>
      
      <guid>https://huachengzhou.github.io/cycle/computer_network/network_architecture/%E5%88%86%E5%B1%82%E5%8F%82%E8%80%83%E6%A8%A1%E5%9E%8B/</guid>
      <description>名称 英文 作用 应用层 Application Layer 直接为用户的应用进程（例如电子邮件、文件传输和终端仿真）提供服务。如HTTP、SMTP、FTP、DNS等 表示层 Presentation Layer 把数</description>
    </item>
    
    <item>
      <title> groovy对象比较以及空判断 </title>
      <link>https://huachengzhou.github.io/cycle/javadir/groovy/groovy%E4%B8%AD%E5%AF%B9%E8%B1%A1%E7%9A%84%E6%AF%94%E8%BE%83%E4%BB%A5%E5%8F%8A%E9%9D%9E%E7%A9%BA%E5%88%A4%E6%96%AD/</link>
      <pubDate>Thu, 15 Apr 2021 00:00:00 +0000</pubDate>
      
      <guid>https://huachengzhou.github.io/cycle/javadir/groovy/groovy%E4%B8%AD%E5%AF%B9%E8%B1%A1%E7%9A%84%E6%AF%94%E8%BE%83%E4%BB%A5%E5%8F%8A%E9%9D%9E%E7%A9%BA%E5%88%A4%E6%96%AD/</guid>
      <description>groovy 对象比较以及空判断 目前测试得知 groovy的比较貌似很多直接可以使用==来比较 groovy对象的比较 1.字符串比较 def str1 = &amp;quot;Hello World1&amp;quot; if (&amp;quot;Hello World&amp;quot; == str1) { println</description>
    </item>
    
    <item>
      <title>模型层次详解</title>
      <link>https://huachengzhou.github.io/cycle/computer_network/network_architecture/%E6%A8%A1%E5%9E%8B%E5%B1%82%E6%AC%A1%E8%AF%A6%E8%A7%A3/</link>
      <pubDate>Mon, 01 Jan 0001 00:00:00 +0000</pubDate>
      
      <guid>https://huachengzhou.github.io/cycle/computer_network/network_architecture/%E6%A8%A1%E5%9E%8B%E5%B1%82%E6%AC%A1%E8%AF%A6%E8%A7%A3/</guid>
      <description>计算机网络分成结构 7层OSI参考模型 4层TCP/IP参考模型 5层体系结构 ISO/OSI模型怎么来的 ISO/OSI参考模型 ISO/OSI参考模</description>
    </item>
    
    <item>
      <title> groovy使用场景 </title>
      <link>https://huachengzhou.github.io/cycle/javadir/groovy/groovy%E4%BD%BF%E7%94%A8%E5%9C%BA%E6%99%AF/</link>
      <pubDate>Thu, 15 Apr 2021 00:00:00 +0000</pubDate>
      
      <guid>https://huachengzhou.github.io/cycle/javadir/groovy/groovy%E4%BD%BF%E7%94%A8%E5%9C%BA%E6%99%AF/</guid>
      <description>groovy 使用场景 Groovy可以用于多种情况。比如 1、作为shell脚本语言完成数据处理和文件操作任务。 2、在Java或者Java EE应用程序中嵌</description>
    </item>
    
    <item>
      <title>MySQL事务与存储引擎</title>
      <link>https://huachengzhou.github.io/cycle/databases/mysql_163%E8%AF%BE%E5%A0%82/%E7%BD%91%E6%98%93%E4%BA%91%E8%AF%BE%E5%A0%82mysql_chapter3/</link>
      <pubDate>Fri, 17 Jan 2020 15:26:15 +0000</pubDate>
      
      <guid>https://huachengzhou.github.io/cycle/databases/mysql_163%E8%AF%BE%E5%A0%82/%E7%BD%91%E6%98%93%E4%BA%91%E8%AF%BE%E5%A0%82mysql_chapter3/</guid>
      <description>MySQL事务与存储引擎 3.1-数据库事务 什么是事务 一系列有序的数据库操作： 要么全部成功 要么全部回退到操作前的状态 中间状态对其他连接不可见 事</description>
    </item>
    
    <item>
      <title>MySQL应用优化</title>
      <link>https://huachengzhou.github.io/cycle/databases/mysql_163%E8%AF%BE%E5%A0%82/%E7%BD%91%E6%98%93%E4%BA%91%E8%AF%BE%E5%A0%82mysql_chapter4/</link>
      <pubDate>Fri, 17 Jan 2020 15:26:15 +0000</pubDate>
      
      <guid>https://huachengzhou.github.io/cycle/databases/mysql_163%E8%AF%BE%E5%A0%82/%E7%BD%91%E6%98%93%E4%BA%91%E8%AF%BE%E5%A0%82mysql_chapter4/</guid>
      <description>MySQL应用优化 4.1-MySQL索引优化与设计 什么是索引 索引的意义 —— 快速定位要查找的数据 数据库索引查找 全表扫描 VS 索引查找 如何根据首字母</description>
    </item>
    
    <item>
      <title>MySQL数据库基础</title>
      <link>https://huachengzhou.github.io/cycle/databases/mysql_163%E8%AF%BE%E5%A0%82/%E7%BD%91%E6%98%93%E4%BA%91%E8%AF%BE%E5%A0%82mysql_chapter1/</link>
      <pubDate>Fri, 17 Jan 2020 15:26:15 +0000</pubDate>
      
      <guid>https://huachengzhou.github.io/cycle/databases/mysql_163%E8%AF%BE%E5%A0%82/%E7%BD%91%E6%98%93%E4%BA%91%E8%AF%BE%E5%A0%82mysql_chapter1/</guid>
      <description>MySQL数据库基础 1.1-认识MySQL 什么是数据库 计算机处理和存储的一切信息都是数据。 计算机系统中一种用于存取数据的程序。 一种： 计算机系</description>
    </item>
    
    <item>
      <title>MySQL数据库对象与应用</title>
      <link>https://huachengzhou.github.io/cycle/databases/mysql_163%E8%AF%BE%E5%A0%82/%E7%BD%91%E6%98%93%E4%BA%91%E8%AF%BE%E5%A0%82mysql_chapter2/</link>
      <pubDate>Fri, 17 Jan 2020 15:26:15 +0000</pubDate>
      
      <guid>https://huachengzhou.github.io/cycle/databases/mysql_163%E8%AF%BE%E5%A0%82/%E7%BD%91%E6%98%93%E4%BA%91%E8%AF%BE%E5%A0%82mysql_chapter2/</guid>
      <description>MySQL数据库对象与应用 2.1-MySQL数据类型 Number不止一种 整形 浮点型 整形 INT SMALLINT MEDIUMINT BIGINT type Storage Minumun Value Maximum Value (Bytes) (Signed/Unsigned) (Signed/Unsigned) TINYINT 1 -128 127 0 255 SMALLINT 2 -32768 32767 0 65535 MEDIUMINT 3</description>
    </item>
    
    <item>
      <title>MySQL运维实践</title>
      <link>https://huachengzhou.github.io/cycle/databases/mysql_163%E8%AF%BE%E5%A0%82/%E7%BD%91%E6%98%93%E4%BA%91%E8%AF%BE%E5%A0%82mysql_chapter5/</link>
      <pubDate>Fri, 17 Jan 2020 15:26:15 +0000</pubDate>
      
      <guid>https://huachengzhou.github.io/cycle/databases/mysql_163%E8%AF%BE%E5%A0%82/%E7%BD%91%E6%98%93%E4%BA%91%E8%AF%BE%E5%A0%82mysql_chapter5/</guid>
      <description>MySQL运维实践 5.1-MySQL日志系统 什么是日志 日志(log)是一种顺序记录事件流水的文件 记录计算机程序运行过程中发生了什么 多种多样的</description>
    </item>
    
    <item>
      <title>记忆方法</title>
      <link>https://huachengzhou.github.io/cycle/%E8%87%AA%E6%88%91%E6%8F%90%E5%8D%87/%E8%AE%B0%E5%BF%86/</link>
      <pubDate>Sun, 17 Jan 2021 15:26:15 +0000</pubDate>
      
      <guid>https://huachengzhou.github.io/cycle/%E8%87%AA%E6%88%91%E6%8F%90%E5%8D%87/%E8%AE%B0%E5%BF%86/</guid>
      <description>记忆方法 提高记忆的关键，在于想象和创意 编故事有助于提高记忆力 通过编故事，再加上逻辑或地点（后者更多一些）; 编故事是加强了记忆桩之间的联系 记忆</description>
    </item>
    
    <item>
      <title>学习方法</title>
      <link>https://huachengzhou.github.io/cycle/%E8%87%AA%E6%88%91%E6%8F%90%E5%8D%87/%E5%AD%A6%E4%B9%A0%E6%96%B9%E6%B3%95/</link>
      <pubDate>Sun, 17 Jan 2021 15:26:15 +0000</pubDate>
      
      <guid>https://huachengzhou.github.io/cycle/%E8%87%AA%E6%88%91%E6%8F%90%E5%8D%87/%E5%AD%A6%E4%B9%A0%E6%96%B9%E6%B3%95/</guid>
      <description></description>
    </item>
    
    <item>
      <title>冥想</title>
      <link>https://huachengzhou.github.io/cycle/%E8%87%AA%E6%88%91%E6%8F%90%E5%8D%87/%E5%86%A5%E6%83%B3/</link>
      <pubDate>Sun, 17 Jan 2021 15:26:15 +0000</pubDate>
      
      <guid>https://huachengzhou.github.io/cycle/%E8%87%AA%E6%88%91%E6%8F%90%E5%8D%87/%E5%86%A5%E6%83%B3/</guid>
      <description>冥想 呼吸冥想法 1:坐好，后背挺直，然后闭上眼睛 2:关注你自己呼吸时的感觉,吸气，吸气，选择一个感受突出的地方，通常是你的鼻子或者耳朵、腹部然</description>
    </item>
    
    <item>
      <title>DNS 污染</title>
      <link>https://huachengzhou.github.io/cycle/%E8%87%AA%E6%88%91%E6%8F%90%E5%8D%87/%E8%A7%A3%E5%86%B3%E9%97%AE%E9%A2%98/dnf%E6%B1%A1%E6%9F%93/</link>
      <pubDate>Sun, 17 Jan 2021 15:26:15 +0000</pubDate>
      
      <guid>https://huachengzhou.github.io/cycle/%E8%87%AA%E6%88%91%E6%8F%90%E5%8D%87/%E8%A7%A3%E5%86%B3%E9%97%AE%E9%A2%98/dnf%E6%B1%A1%E6%9F%93/</guid>
      <description>中国国内访问 GitHub 为什么很慢很卡甚至访问不了？如何加速访问 GitHub 网站？ 个人总结：强扭的瓜不甜，修改 hosts 也就片刻好光景，要不了多久就变得比没改 hosts 之前更慢</description>
    </item>
    
    <item>
      <title>GitHubPages绑定来自阿里云的域名</title>
      <link>https://huachengzhou.github.io/cycle/%E8%87%AA%E6%88%91%E6%8F%90%E5%8D%87/%E8%A7%A3%E5%86%B3%E9%97%AE%E9%A2%98/githubpages%E7%BB%91%E5%AE%9A%E6%9D%A5%E8%87%AA%E9%98%BF%E9%87%8C%E4%BA%91%E7%9A%84%E5%9F%9F%E5%90%8D/</link>
      <pubDate>Sun, 17 Jan 2021 15:26:15 +0000</pubDate>
      
      <guid>https://huachengzhou.github.io/cycle/%E8%87%AA%E6%88%91%E6%8F%90%E5%8D%87/%E8%A7%A3%E5%86%B3%E9%97%AE%E9%A2%98/githubpages%E7%BB%91%E5%AE%9A%E6%9D%A5%E8%87%AA%E9%98%BF%E9%87%8C%E4%BA%91%E7%9A%84%E5%9F%9F%E5%90%8D/</guid>
      <description>原教程但是由于他使用的github的用户名做的域名映射器,这样不好的地方是有可能你使用自定义的方式建立github仓库名比如 English study,还</description>
    </item>
    
    <item>
      <title>git处理网络和权限问题</title>
      <link>https://huachengzhou.github.io/cycle/%E8%87%AA%E6%88%91%E6%8F%90%E5%8D%87/%E8%A7%A3%E5%86%B3%E9%97%AE%E9%A2%98/git_andsower/git%E5%A4%84%E7%90%86/</link>
      <pubDate>Sun, 17 Jan 2021 15:26:15 +0000</pubDate>
      
      <guid>https://huachengzhou.github.io/cycle/%E8%87%AA%E6%88%91%E6%8F%90%E5%8D%87/%E8%A7%A3%E5%86%B3%E9%97%AE%E9%A2%98/git_andsower/git%E5%A4%84%E7%90%86/</guid>
      <description>Push master to origin/master was rejected by remote 有三种原因 1:push的这个工程是其他人新建的，找她开通master权限后，再次push 2:git 工程错误 git pull git pull origin master git pull origin master --allow-unrelated-histories 3:github 设</description>
    </item>
    
    <item>
      <title>idea 解决working directory 设置到 target</title>
      <link>https://huachengzhou.github.io/cycle/%E8%87%AA%E6%88%91%E6%8F%90%E5%8D%87/%E8%A7%A3%E5%86%B3%E9%97%AE%E9%A2%98/idea/idea/</link>
      <pubDate>Sun, 17 Jan 2021 15:26:15 +0000</pubDate>
      
      <guid>https://huachengzhou.github.io/cycle/%E8%87%AA%E6%88%91%E6%8F%90%E5%8D%87/%E8%A7%A3%E5%86%B3%E9%97%AE%E9%A2%98/idea/idea/</guid>
      <description>idea 解决working directory 设置到 target test ng D:\IdeaProjects\java-se-study run config $MODULE_DIR$</description>
    </item>
    
    <item>
      <title>idea 问题解决</title>
      <link>https://huachengzhou.github.io/cycle/%E8%87%AA%E6%88%91%E6%8F%90%E5%8D%87/%E8%A7%A3%E5%86%B3%E9%97%AE%E9%A2%98/maven/idea%E8%A7%A3%E5%86%B3/</link>
      <pubDate>Sun, 17 Jan 2021 15:26:15 +0000</pubDate>
      
      <guid>https://huachengzhou.github.io/cycle/%E8%87%AA%E6%88%91%E6%8F%90%E5%8D%87/%E8%A7%A3%E5%86%B3%E9%97%AE%E9%A2%98/maven/idea%E8%A7%A3%E5%86%B3/</guid>
      <description>idea导入项目出现Unable to import maven project: See logs for details提示 第一种解决办法 删除项目根目录下.idea文件夹 关闭idea工具，重新打开选择</description>
    </item>
    
    <item>
      <title>Visual Studio Code 问题解决方案</title>
      <link>https://huachengzhou.github.io/cycle/%E8%87%AA%E6%88%91%E6%8F%90%E5%8D%87/%E8%A7%A3%E5%86%B3%E9%97%AE%E9%A2%98/visual_studio_code/visualstudiocode%E9%97%AE%E9%A2%98/</link>
      <pubDate>Sun, 17 Jan 2021 15:26:15 +0000</pubDate>
      
      <guid>https://huachengzhou.github.io/cycle/%E8%87%AA%E6%88%91%E6%8F%90%E5%8D%87/%E8%A7%A3%E5%86%B3%E9%97%AE%E9%A2%98/visual_studio_code/visualstudiocode%E9%97%AE%E9%A2%98/</guid>
      <description>Visual Studio Code 过滤文件 不显示某些文件 效果 过滤工程中显示的文件 不显示某些类型的文件或文件夹 菜单 File/Preferences/ 搜索file exclude 选中workspack页签 添加一个过滤规</description>
    </item>
    
    <item>
      <title>如何在油管YouTube开通收益赚钱</title>
      <link>https://huachengzhou.github.io/cycle/%E8%87%AA%E6%88%91%E6%8F%90%E5%8D%87/%E8%8E%B7%E5%8F%96%E9%87%91%E9%92%B1/%E5%A6%82%E4%BD%95%E5%9C%A8%E6%B2%B9%E7%AE%A1youtube%E5%BC%80%E9%80%9A%E6%94%B6%E7%9B%8A%E8%B5%9A%E9%92%B1/</link>
      <pubDate>Sun, 17 Jan 2021 15:26:15 +0000</pubDate>
      
      <guid>https://huachengzhou.github.io/cycle/%E8%87%AA%E6%88%91%E6%8F%90%E5%8D%87/%E8%8E%B7%E5%8F%96%E9%87%91%E9%92%B1/%E5%A6%82%E4%BD%95%E5%9C%A8%E6%B2%B9%E7%AE%A1youtube%E5%BC%80%E9%80%9A%E6%94%B6%E7%9B%8A%E8%B5%9A%E9%92%B1/</guid>
      <description>如何在油管YouTube开通收益赚钱？ 如果想在YouTube创业赚取美金，建议关注【YouTube运营笔记】，少走弯路，不被忽悠 本篇主要由3</description>
    </item>
    
    <item>
      <title>网站链接</title>
      <link>https://huachengzhou.github.io/cycle/post/website/</link>
      <pubDate>Tue, 02 Apr 2019 00:00:00 +0000</pubDate>
      
      <guid>https://huachengzhou.github.io/cycle/post/website/</guid>
      <description>自己整理的日常开发参考网址 在线工具 链接 web工具 web工具 在线超级转换工具 在线超级转换工具 程序员在线工具 在线超级转换工具 图片转base64工</description>
    </item>
    
    <item>
      <title>hugo教程 hugo server Failed to get JSON</title>
      <link>https://huachengzhou.github.io/cycle/hugo%E5%AD%A6%E4%B9%A0/hugo_server_faile_-to_get_json/</link>
      <pubDate>Tue, 17 Oct 2017 15:26:15 +0000</pubDate>
      
      <guid>https://huachengzhou.github.io/cycle/hugo%E5%AD%A6%E4%B9%A0/hugo_server_faile_-to_get_json/</guid>
      <description>今天尝试了一下静态博客 hugo , hugo的官网本身也是使用 hugo 制作的网站。安装和运行非常简单。只有两个步骤安装和运行。运行的时候出现了一个小问题，就</description>
    </item>
    
    <item>
      <title>hugo教程1</title>
      <link>https://huachengzhou.github.io/cycle/hugo%E5%AD%A6%E4%B9%A0/hugo_tutorials1/</link>
      <pubDate>Tue, 17 Oct 2017 15:26:15 +0000</pubDate>
      
      <guid>https://huachengzhou.github.io/cycle/hugo%E5%AD%A6%E4%B9%A0/hugo_tutorials1/</guid>
      <description>教程1 快速开始 步骤1：安装Hugo brew install hugo # or port install hugo 要验证新安装 hugo version 步骤2：建立新网站 hugo new site quickstart # 上面的代码将在名为的文件夹中创建一个新的Hug</description>
    </item>
    
    <item>
      <title>hugo教程2</title>
      <link>https://huachengzhou.github.io/cycle/hugo%E5%AD%A6%E4%B9%A0/hugo_tutorials2/</link>
      <pubDate>Tue, 17 Oct 2017 15:26:15 +0000</pubDate>
      
      <guid>https://huachengzhou.github.io/cycle/hugo%E5%AD%A6%E4%B9%A0/hugo_tutorials2/</guid>
      <description>教程2 1、 创建blog hugo new site myblog_pub cd myblog_pub/ git submodule add https://github.com/chinanf-boy/gohugo-theme-yinwang.git themes/yinwang 2、 修改配置 vi config.toml root@instance-x8rtph4n:/home/go/code/hugo_dir/myblog_pub/public# more ../config.toml baseURL = &amp;quot;http://ypbsyy.github.io/&amp;quot; languageCode = &amp;quot;en-us&amp;quot; title = &amp;quot;我是yaopeng&amp;quot; theme = &amp;quot;yinwang&amp;quot; #pygmentsCodeFences = true #pygmentsCodefencesGuessSyntax =</description>
    </item>
    
    <item>
      <title>关于程序员</title>
      <link>https://huachengzhou.github.io/cycle/about/</link>
      <pubDate>Sun, 09 Apr 2017 00:00:00 +0000</pubDate>
      
      <guid>https://huachengzhou.github.io/cycle/about/</guid>
      <description>一、编码 如果还没想清楚，就用蛮力算法。——Ken Thompson 不要使用反正弦和反余弦函数——你总能用优美的恒等式，或者是计算向量点积来更好地解决问题。—</description>
    </item>
    
    <item>
      <title>编译原理</title>
      <link>https://huachengzhou.github.io/cycle/post/%E7%BC%96%E8%AF%91%E5%8E%9F%E7%90%86/</link>
      <pubDate>Wed, 02 Apr 2014 00:00:00 +0000</pubDate>
      
      <guid>https://huachengzhou.github.io/cycle/post/%E7%BC%96%E8%AF%91%E5%8E%9F%E7%90%86/</guid>
      <description>一、 编译程序 1、 编译器是一种翻译程序，它用于将源语言（即用某种程序设计语言写成的）程序翻译为目标语言（即用二进制数表示的伪机器代码写成的）程</description>
    </item>
    
    <item>
      <title>计算机组成原理</title>
      <link>https://huachengzhou.github.io/cycle/post/%E8%AE%A1%E7%AE%97%E6%9C%BA%E7%BB%84%E6%88%90%E5%8E%9F%E7%90%86/</link>
      <pubDate>Wed, 02 Apr 2014 00:00:00 +0000</pubDate>
      
      <guid>https://huachengzhou.github.io/cycle/post/%E8%AE%A1%E7%AE%97%E6%9C%BA%E7%BB%84%E6%88%90%E5%8E%9F%E7%90%86/</guid>
      <description>一、计算机的组成及学习大纲 1. 计算机的组成 计算机的三大件 ：CPU、内存、主板 （1）CPU，中央处理器，计算机最核心的配件，负责所有的计算。 （2</description>
    </item>
    
    <item>
      <title></title>
      <link>https://huachengzhou.github.io/cycle/javadir/groovy/groovy%E5%8F%98%E9%87%8F/</link>
      <pubDate>Mon, 01 Jan 0001 00:00:00 +0000</pubDate>
      
      <guid>https://huachengzhou.github.io/cycle/javadir/groovy/groovy%E5%8F%98%E9%87%8F/</guid>
      <description>Groovy 变量 Groovy中的变量可以通过两种方式定义 - 使用数据类型的本地语法，或者使用def关键字。对于变量定义，必须明确提供类型名称或在替换中使</description>
    </item>
    
  </channel>
</rss>
