<?xml version="1.0" encoding="utf-8" standalone="yes"?>
<rss version="2.0" xmlns:atom="http://www.w3.org/2005/Atom">
  <channel>
    <title>应用层  on 禅与摩托车维修艺术</title>
    <link>/computer_network/application_layer/</link>
    <description>Recent content in 应用层  on 禅与摩托车维修艺术</description>
    <generator>Hugo -- gohugo.io</generator>
    <language>en-us</language>
    <lastBuildDate>Thu, 15 Apr 2021 00:00:00 +0000</lastBuildDate><atom:link href="/computer_network/application_layer/index.xml" rel="self" type="application/rss+xml" />
  </channel>
</rss>
