<?xml version="1.0" encoding="utf-8" standalone="yes"?>
<rss version="2.0" xmlns:atom="http://www.w3.org/2005/Atom">
  <channel>
    <title>物理层  on 禅与摩托车维修艺术</title>
    <link>https://huachengzhou.github.io/cycle/computer_network/physical_layer/</link>
    <description>Recent content in 物理层  on 禅与摩托车维修艺术</description>
    <generator>Hugo -- gohugo.io</generator>
    <language>en-us</language>
    <lastBuildDate>Thu, 15 Apr 2021 00:00:00 +0000</lastBuildDate><atom:link href="https://huachengzhou.github.io/cycle/computer_network/physical_layer/index.xml" rel="self" type="application/rss+xml" />
    <item>
      <title>数据通信基础知识 </title>
      <link>https://huachengzhou.github.io/cycle/computer_network/physical_layer/%E6%95%B0%E6%8D%AE%E9%80%9A%E4%BF%A1%E5%9F%BA%E7%A1%80%E7%9F%A5%E8%AF%86/</link>
      <pubDate>Mon, 01 Jan 0001 00:00:00 +0000</pubDate>
      
      <guid>https://huachengzhou.github.io/cycle/computer_network/physical_layer/%E6%95%B0%E6%8D%AE%E9%80%9A%E4%BF%A1%E5%9F%BA%E7%A1%80%E7%9F%A5%E8%AF%86/</guid>
      <description>典型的数据通信模型 数据通信相关术语 通信的目的是传送消息(消息:语音、文字、图像、视频等)。 信号:数据的电气/电磁的表现，是数据在传输过程中的</description>
    </item>
    
    <item>
      <title>物理层基本概念 </title>
      <link>https://huachengzhou.github.io/cycle/computer_network/physical_layer/%E7%89%A9%E7%90%86%E5%B1%82%E5%9F%BA%E6%9C%AC%E6%A6%82%E5%BF%B5/</link>
      <pubDate>Mon, 01 Jan 0001 00:00:00 +0000</pubDate>
      
      <guid>https://huachengzhou.github.io/cycle/computer_network/physical_layer/%E7%89%A9%E7%90%86%E5%B1%82%E5%9F%BA%E6%9C%AC%E6%A6%82%E5%BF%B5/</guid>
      <description>物理层接口特性 物理层解决如何在连接各种计算机的传输媒体上传输数据比特流，而不是指具体的传输媒体。 物理层主要任务：确定与传输媒体接口有关的一些</description>
    </item>
    
  </channel>
</rss>
