<?xml version="1.0" encoding="utf-8" standalone="yes"?>
<rss version="2.0" xmlns:atom="http://www.w3.org/2005/Atom">
  <channel>
    <title>脚本 on 禅与摩托车维修艺术</title>
    <link>/%E8%84%9A%E6%9C%AC/</link>
    <description>Recent content in 脚本 on 禅与摩托车维修艺术</description>
    <generator>Hugo -- gohugo.io</generator>
    <language>en-us</language>
    <lastBuildDate>Tue, 17 Oct 2017 15:26:15 +0000</lastBuildDate><atom:link href="/%E8%84%9A%E6%9C%AC/index.xml" rel="self" type="application/rss+xml" />
  </channel>
</rss>
