<?xml version="1.0" encoding="utf-8" standalone="yes"?>
<rss version="2.0" xmlns:atom="http://www.w3.org/2005/Atom">
  <channel>
    <title>获取金钱 on 禅与摩托车维修艺术</title>
    <link>/%E8%87%AA%E6%88%91%E6%8F%90%E5%8D%87/%E8%8E%B7%E5%8F%96%E9%87%91%E9%92%B1/</link>
    <description>Recent content in 获取金钱 on 禅与摩托车维修艺术</description>
    <generator>Hugo -- gohugo.io</generator>
    <language>en-us</language>
    <lastBuildDate>Sun, 17 Jan 2021 15:26:15 +0000</lastBuildDate><atom:link href="/%E8%87%AA%E6%88%91%E6%8F%90%E5%8D%87/%E8%8E%B7%E5%8F%96%E9%87%91%E9%92%B1/index.xml" rel="self" type="application/rss+xml" />
    <item>
      <title>如何在油管YouTube开通收益赚钱</title>
      <link>/%E8%87%AA%E6%88%91%E6%8F%90%E5%8D%87/%E8%8E%B7%E5%8F%96%E9%87%91%E9%92%B1/%E5%A6%82%E4%BD%95%E5%9C%A8%E6%B2%B9%E7%AE%A1youtube%E5%BC%80%E9%80%9A%E6%94%B6%E7%9B%8A%E8%B5%9A%E9%92%B1/</link>
      <pubDate>Sun, 17 Jan 2021 15:26:15 +0000</pubDate>
      
      <guid>/%E8%87%AA%E6%88%91%E6%8F%90%E5%8D%87/%E8%8E%B7%E5%8F%96%E9%87%91%E9%92%B1/%E5%A6%82%E4%BD%95%E5%9C%A8%E6%B2%B9%E7%AE%A1youtube%E5%BC%80%E9%80%9A%E6%94%B6%E7%9B%8A%E8%B5%9A%E9%92%B1/</guid>
      <description>如何在油管YouTube开通收益赚钱？ 如果想在YouTube创业赚取美金，建议关注【YouTube运营笔记】，少走弯路，不被忽悠 本篇主要由3</description>
    </item>
    
  </channel>
</rss>
