<?xml version="1.0" encoding="utf-8" standalone="yes"?>
<rss version="2.0" xmlns:atom="http://www.w3.org/2005/Atom">
  <channel>
    <title> 数据库 on 禅与摩托车维修艺术</title>
    <link>/databases/</link>
    <description>Recent content in  数据库 on 禅与摩托车维修艺术</description>
    <generator>Hugo -- gohugo.io</generator>
    <language>en-us</language>
    <lastBuildDate>Tue, 02 Apr 2019 00:00:00 +0000</lastBuildDate><atom:link href="/databases/index.xml" rel="self" type="application/rss+xml" />
  </channel>
</rss>
