<?xml version="1.0" encoding="utf-8" standalone="yes"?>
<rss version="2.0" xmlns:atom="http://www.w3.org/2005/Atom">
  <channel>
    <title>sql on 禅与摩托车维修艺术</title>
    <link>https://huachengzhou.github.io/cycle/categories/sql/</link>
    <description>Recent content in sql on 禅与摩托车维修艺术</description>
    <generator>Hugo -- gohugo.io</generator>
    <language>en-us</language>
    <lastBuildDate>Tue, 02 Apr 2019 00:00:00 +0000</lastBuildDate><atom:link href="https://huachengzhou.github.io/cycle/categories/sql/index.xml" rel="self" type="application/rss+xml" />
    <item>
      <title> 数据库</title>
      <link>https://huachengzhou.github.io/cycle/databases/</link>
      <pubDate>Tue, 02 Apr 2019 00:00:00 +0000</pubDate>
      
      <guid>https://huachengzhou.github.io/cycle/databases/</guid>
      <description>数据库，简而言之可视为电子化的文件柜——存储电子文件的处所，用户可以对文件中的数据进行新增、查询、更新、删除等操作。 目录 数据库基础 1.1-认</description>
    </item>
    
  </channel>
</rss>
